,block,beta_factor,gradient,snapshot_num,samp_frac,snapshot_mag,snapshot_grad
0,Okolie_ages_1-17,8.0,1.0,0,0.001,-1.0,0.0
0,Okolie_ages_18-21,8.0,1.0,0,0.001,-1.0,0.0
0,Okolie_ages_22-28,8.0,1.0,0,0.001,-1.0,0.0
0,Okolie_ages_29-112,8.0,1.0,0,0.001,0.5,0.75
0,Petrzalka_ages_1-17,8.0,1.0,0,0.001,0.0,1.0
0,Petrzalka_ages_18-21,8.0,1.0,0,0.001,-0.3333333333333333,0.8888888888888888
0,Petrzalka_ages_22-28,8.0,1.0,0,0.001,-0.6666666666666666,0.5555555555555556
0,Petrzalka_ages_29-112,8.0,1.0,0,0.001,-1.0,0.0
0,Ruzinov_ages_1-17,8.0,1.0,0,0.001,-1.0,0.0
0,Ruzinov_ages_18-21,8.0,1.0,0,0.001,-1.0,0.0
0,Ruzinov_ages_22-28,8.0,1.0,0,0.001,-1.0,0.0
0,Ruzinov_ages_29-112,8.0,1.0,0,0.001,-1.0,0.0
0,Okolie_ages_1-17,8.0,1.0,1,0.001,-1.0,0.0
0,Okolie_ages_18-21,8.0,1.0,1,0.001,-1.0,0.0
0,Okolie_ages_22-28,8.0,1.0,1,0.001,-0.5,0.75
0,Okolie_ages_29-112,8.0,1.0,1,0.001,0.0,1.0
0,Petrzalka_ages_1-17,8.0,1.0,1,0.001,0.0,1.0
0,Petrzalka_ages_18-21,8.0,1.0,1,0.001,-0.3333333333333333,0.8888888888888888
0,Petrzalka_ages_22-28,8.0,1.0,1,0.001,-1.0,0.0
0,Petrzalka_ages_29-112,8.0,1.0,1,0.001,-0.6,0.64
0,Ruzinov_ages_1-17,8.0,1.0,1,0.001,1.0,0.0
0,Ruzinov_ages_18-21,8.0,1.0,1,0.001,-1.0,0.0
0,Ruzinov_ages_22-28,8.0,1.0,1,0.001,-1.0,0.0
0,Ruzinov_ages_29-112,8.0,1.0,1,0.001,1.0,0.0
0,Okolie_ages_1-17,8.0,1.0,2,0.001,-1.0,0.0
0,Okolie_ages_18-21,8.0,1.0,2,0.001,-1.0,0.0
0,Okolie_ages_22-28,8.0,1.0,2,0.001,-0.5,0.75
0,Okolie_ages_29-112,8.0,1.0,2,0.001,0.0,1.0
0,Petrzalka_ages_1-17,8.0,1.0,2,0.001,-1.0,0.0
0,Petrzalka_ages_18-21,8.0,1.0,2,0.001,-1.0,0.0
0,Petrzalka_ages_22-28,8.0,1.0,2,0.001,-1.0,0.0
0,Petrzalka_ages_29-112,8.0,1.0,2,0.001,-0.6,0.64
0,Ruzinov_ages_1-17,8.0,1.0,2,0.001,-1.0,0.0
0,Ruzinov_ages_18-21,8.0,1.0,2,0.001,0.0,1.0
0,Ruzinov_ages_22-28,8.0,1.0,2,0.001,-1.0,0.0
0,Ruzinov_ages_29-112,8.0,1.0,2,0.001,0.3333333333333333,0.8888888888888888
0,Okolie_ages_1-17,8.0,1.0,3,0.001,-1.0,0.0
0,Okolie_ages_18-21,8.0,1.0,3,0.001,-1.0,0.0
0,Okolie_ages_22-28,8.0,1.0,3,0.001,-1.0,0.0
0,Okolie_ages_29-112,8.0,1.0,3,0.001,-0.5,0.75
0,Petrzalka_ages_1-17,8.0,1.0,3,0.001,-1.0,0.0
0,Petrzalka_ages_18-21,8.0,1.0,3,0.001,0.3333333333333333,0.8888888888888888
0,Petrzalka_ages_22-28,8.0,1.0,3,0.001,-0.6666666666666666,0.5555555555555556
0,Petrzalka_ages_29-112,8.0,1.0,3,0.001,-1.0,0.0
0,Ruzinov_ages_1-17,8.0,1.0,3,0.001,-1.0,0.0
0,Ruzinov_ages_18-21,8.0,1.0,3,0.001,-1.0,0.0
0,Ruzinov_ages_22-28,8.0,1.0,3,0.001,-1.0,0.0
0,Ruzinov_ages_29-112,8.0,1.0,3,0.001,-1.0,0.0
0,Okolie_ages_1-17,8.0,1.0,4,0.001,-1.0,0.0
0,Okolie_ages_18-21,8.0,1.0,4,0.001,-1.0,0.0
0,Okolie_ages_22-28,8.0,1.0,4,0.001,-0.5,0.75
0,Okolie_ages_29-112,8.0,1.0,4,0.001,-0.5,0.75
0,Petrzalka_ages_1-17,8.0,1.0,4,0.001,-1.0,0.0
0,Petrzalka_ages_18-21,8.0,1.0,4,0.001,-1.0,0.0
0,Petrzalka_ages_22-28,8.0,1.0,4,0.001,-1.0,0.0
0,Petrzalka_ages_29-112,8.0,1.0,4,0.001,-0.6,0.64
0,Ruzinov_ages_1-17,8.0,1.0,4,0.001,-1.0,0.0
0,Ruzinov_ages_18-21,8.0,1.0,4,0.001,-1.0,0.0
0,Ruzinov_ages_22-28,8.0,1.0,4,0.001,-1.0,0.0
0,Ruzinov_ages_29-112,8.0,1.0,4,0.001,-1.0,0.0
0,Okolie_ages_1-17,8.0,1.0,5,0.001,-1.0,0.0
0,Okolie_ages_18-21,8.0,1.0,5,0.001,-1.0,0.0
0,Okolie_ages_22-28,8.0,1.0,5,0.001,-1.0,0.0
0,Okolie_ages_29-112,8.0,1.0,5,0.001,-0.5,0.75
0,Petrzalka_ages_1-17,8.0,1.0,5,0.001,-1.0,0.0
0,Petrzalka_ages_18-21,8.0,1.0,5,0.001,-1.0,0.0
0,Petrzalka_ages_22-28,8.0,1.0,5,0.001,-1.0,0.0
0,Petrzalka_ages_29-112,8.0,1.0,5,0.001,-0.6,0.64
0,Ruzinov_ages_1-17,8.0,1.0,5,0.001,-1.0,0.0
0,Ruzinov_ages_18-21,8.0,1.0,5,0.001,0.0,1.0
0,Ruzinov_ages_22-28,8.0,1.0,5,0.001,-1.0,0.0
0,Ruzinov_ages_29-112,8.0,1.0,5,0.001,-0.3333333333333333,0.8888888888888888
0,Okolie_ages_1-17,8.0,1.0,6,0.001,-1.0,0.0
0,Okolie_ages_18-21,8.0,1.0,6,0.001,-1.0,0.0
0,Okolie_ages_22-28,8.0,1.0,6,0.001,0.0,1.0
0,Okolie_ages_29-112,8.0,1.0,6,0.001,0.0,1.0
0,Petrzalka_ages_1-17,8.0,1.0,6,0.001,-1.0,0.0
0,Petrzalka_ages_18-21,8.0,1.0,6,0.001,-1.0,0.0
0,Petrzalka_ages_22-28,8.0,1.0,6,0.001,-1.0,0.0
0,Petrzalka_ages_29-112,8.0,1.0,6,0.001,-0.2,0.96
0,Ruzinov_ages_1-17,8.0,1.0,6,0.001,1.0,0.0
0,Ruzinov_ages_18-21,8.0,1.0,6,0.001,-1.0,0.0
0,Ruzinov_ages_22-28,8.0,1.0,6,0.001,-1.0,0.0
0,Ruzinov_ages_29-112,8.0,1.0,6,0.001,-1.0,0.0
0,Okolie_ages_1-17,8.0,1.0,7,0.001,-1.0,0.0
0,Okolie_ages_18-21,8.0,1.0,7,0.001,0.0,1.0
0,Okolie_ages_22-28,8.0,1.0,7,0.001,-1.0,0.0
0,Okolie_ages_29-112,8.0,1.0,7,0.001,-1.0,0.0
0,Petrzalka_ages_1-17,8.0,1.0,7,0.001,-1.0,0.0
0,Petrzalka_ages_18-21,8.0,1.0,7,0.001,-0.3333333333333333,0.8888888888888888
0,Petrzalka_ages_22-28,8.0,1.0,7,0.001,-0.6666666666666666,0.5555555555555556
0,Petrzalka_ages_29-112,8.0,1.0,7,0.001,-0.2,0.96
0,Ruzinov_ages_1-17,8.0,1.0,7,0.001,-1.0,0.0
0,Ruzinov_ages_18-21,8.0,1.0,7,0.001,0.0,1.0
0,Ruzinov_ages_22-28,8.0,1.0,7,0.001,-1.0,0.0
0,Ruzinov_ages_29-112,8.0,1.0,7,0.001,0.3333333333333333,0.8888888888888888
0,Okolie_ages_1-17,8.0,1.0,8,0.001,0.0,1.0
0,Okolie_ages_18-21,8.0,1.0,8,0.001,-1.0,0.0
0,Okolie_ages_22-28,8.0,1.0,8,0.001,0.0,1.0
0,Okolie_ages_29-112,8.0,1.0,8,0.001,0.0,1.0
0,Petrzalka_ages_1-17,8.0,1.0,8,0.001,-1.0,0.0
0,Petrzalka_ages_18-21,8.0,1.0,8,0.001,-1.0,0.0
0,Petrzalka_ages_22-28,8.0,1.0,8,0.001,-1.0,0.0
0,Petrzalka_ages_29-112,8.0,1.0,8,0.001,-1.0,0.0
0,Ruzinov_ages_1-17,8.0,1.0,8,0.001,1.0,0.0
0,Ruzinov_ages_18-21,8.0,1.0,8,0.001,-1.0,0.0
0,Ruzinov_ages_22-28,8.0,1.0,8,0.001,-1.0,0.0
0,Ruzinov_ages_29-112,8.0,1.0,8,0.001,-0.3333333333333333,0.8888888888888888
0,Okolie_ages_1-17,8.0,1.0,9,0.001,-1.0,0.0
0,Okolie_ages_18-21,8.0,1.0,9,0.001,-1.0,0.0
0,Okolie_ages_22-28,8.0,1.0,9,0.001,-0.5,0.75
0,Okolie_ages_29-112,8.0,1.0,9,0.001,-1.0,0.0
0,Petrzalka_ages_1-17,8.0,1.0,9,0.001,0.0,1.0
0,Petrzalka_ages_18-21,8.0,1.0,9,0.001,-0.3333333333333333,0.8888888888888888
0,Petrzalka_ages_22-28,8.0,1.0,9,0.001,-1.0,0.0
0,Petrzalka_ages_29-112,8.0,1.0,9,0.001,-0.2,0.96
0,Ruzinov_ages_1-17,8.0,1.0,9,0.001,-1.0,0.0
0,Ruzinov_ages_18-21,8.0,1.0,9,0.001,0.0,1.0
0,Ruzinov_ages_22-28,8.0,1.0,9,0.001,-1.0,0.0
0,Ruzinov_ages_29-112,8.0,1.0,9,0.001,-1.0,0.0
0,Okolie_ages_1-17,8.0,1.0,10,0.001,-1.0,0.0
0,Okolie_ages_18-21,8.0,1.0,10,0.001,-1.0,0.0
0,Okolie_ages_22-28,8.0,1.0,10,0.001,0.0,1.0
0,Okolie_ages_29-112,8.0,1.0,10,0.001,-0.5,0.75
0,Petrzalka_ages_1-17,8.0,1.0,10,0.001,0.0,1.0
0,Petrzalka_ages_18-21,8.0,1.0,10,0.001,-1.0,0.0
0,Petrzalka_ages_22-28,8.0,1.0,10,0.001,-0.6666666666666666,0.5555555555555556
0,Petrzalka_ages_29-112,8.0,1.0,10,0.001,-0.2,0.96
0,Ruzinov_ages_1-17,8.0,1.0,10,0.001,-1.0,0.0
0,Ruzinov_ages_18-21,8.0,1.0,10,0.001,-1.0,0.0
0,Ruzinov_ages_22-28,8.0,1.0,10,0.001,-0.3333333333333333,0.8888888888888888
0,Ruzinov_ages_29-112,8.0,1.0,10,0.001,-0.3333333333333333,0.8888888888888888
0,Okolie_ages_1-17,8.0,1.0,11,0.001,-1.0,0.0
0,Okolie_ages_18-21,8.0,1.0,11,0.001,0.0,1.0
0,Okolie_ages_22-28,8.0,1.0,11,0.001,-0.5,0.75
0,Okolie_ages_29-112,8.0,1.0,11,0.001,-0.5,0.75
0,Petrzalka_ages_1-17,8.0,1.0,11,0.001,-1.0,0.0
0,Petrzalka_ages_18-21,8.0,1.0,11,0.001,0.3333333333333333,0.8888888888888888
0,Petrzalka_ages_22-28,8.0,1.0,11,0.001,-0.6666666666666666,0.5555555555555556
0,Petrzalka_ages_29-112,8.0,1.0,11,0.001,0.2,0.96
0,Ruzinov_ages_1-17,8.0,1.0,11,0.001,-1.0,0.0
0,Ruzinov_ages_18-21,8.0,1.0,11,0.001,-1.0,0.0
0,Ruzinov_ages_22-28,8.0,1.0,11,0.001,-1.0,0.0
0,Ruzinov_ages_29-112,8.0,1.0,11,0.001,0.3333333333333333,0.8888888888888888
0,Okolie_ages_1-17,8.0,1.0,12,0.001,-1.0,0.0
0,Okolie_ages_18-21,8.0,1.0,12,0.001,-1.0,0.0
0,Okolie_ages_22-28,8.0,1.0,12,0.001,0.0,1.0
0,Okolie_ages_29-112,8.0,1.0,12,0.001,0.0,1.0
0,Petrzalka_ages_1-17,8.0,1.0,12,0.001,-1.0,0.0
0,Petrzalka_ages_18-21,8.0,1.0,12,0.001,-0.3333333333333333,0.8888888888888888
0,Petrzalka_ages_22-28,8.0,1.0,12,0.001,-0.6666666666666666,0.5555555555555556
0,Petrzalka_ages_29-112,8.0,1.0,12,0.001,0.2,0.96
0,Ruzinov_ages_1-17,8.0,1.0,12,0.001,1.0,0.0
0,Ruzinov_ages_18-21,8.0,1.0,12,0.001,-1.0,0.0
0,Ruzinov_ages_22-28,8.0,1.0,12,0.001,-0.3333333333333333,0.8888888888888888
0,Ruzinov_ages_29-112,8.0,1.0,12,0.001,0.3333333333333333,0.8888888888888888
0,Okolie_ages_1-17,8.0,1.0,13,0.001,-1.0,0.0
0,Okolie_ages_18-21,8.0,1.0,13,0.001,-1.0,0.0
0,Okolie_ages_22-28,8.0,1.0,13,0.001,-0.5,0.75
0,Okolie_ages_29-112,8.0,1.0,13,0.001,0.0,1.0
0,Petrzalka_ages_1-17,8.0,1.0,13,0.001,-1.0,0.0
0,Petrzalka_ages_18-21,8.0,1.0,13,0.001,-1.0,0.0
0,Petrzalka_ages_22-28,8.0,1.0,13,0.001,-0.3333333333333333,0.8888888888888888
0,Petrzalka_ages_29-112,8.0,1.0,13,0.001,-0.6,0.64
0,Ruzinov_ages_1-17,8.0,1.0,13,0.001,-1.0,0.0
0,Ruzinov_ages_18-21,8.0,1.0,13,0.001,-1.0,0.0
0,Ruzinov_ages_22-28,8.0,1.0,13,0.001,-1.0,0.0
0,Ruzinov_ages_29-112,8.0,1.0,13,0.001,-0.3333333333333333,0.8888888888888888
0,Okolie_ages_1-17,8.0,1.0,14,0.001,-1.0,0.0
0,Okolie_ages_18-21,8.0,1.0,14,0.001,-1.0,0.0
0,Okolie_ages_22-28,8.0,1.0,14,0.001,-0.5,0.75
0,Okolie_ages_29-112,8.0,1.0,14,0.001,0.0,1.0
0,Petrzalka_ages_1-17,8.0,1.0,14,0.001,0.0,1.0
0,Petrzalka_ages_18-21,8.0,1.0,14,0.001,-1.0,0.0
0,Petrzalka_ages_22-28,8.0,1.0,14,0.001,-0.6666666666666666,0.5555555555555556
0,Petrzalka_ages_29-112,8.0,1.0,14,0.001,-1.0,0.0
0,Ruzinov_ages_1-17,8.0,1.0,14,0.001,-1.0,0.0
0,Ruzinov_ages_18-21,8.0,1.0,14,0.001,0.0,1.0
0,Ruzinov_ages_22-28,8.0,1.0,14,0.001,-1.0,0.0
0,Ruzinov_ages_29-112,8.0,1.0,14,0.001,-0.3333333333333333,0.8888888888888888
0,Okolie_ages_1-17,8.0,1.0,0,0.1,-0.7580645161290323,0.42533818938605616
0,Okolie_ages_18-21,8.0,1.0,0,0.1,-0.7835051546391752,0.38611967265384206
0,Okolie_ages_22-28,8.0,1.0,0,0.1,-0.6962025316455697,0.5153020349302996
0,Okolie_ages_29-112,8.0,1.0,0,0.1,-0.3468208092485549,0.8797153262721775
0,Petrzalka_ages_1-17,8.0,1.0,0,0.1,-0.6571428571428571,0.5681632653061224
0,Petrzalka_ages_18-21,8.0,1.0,0,0.1,-0.8672985781990521,0.24779317625390274
0,Petrzalka_ages_22-28,8.0,1.0,0,0.1,-0.6946564885496184,0.5174523629159139
0,Petrzalka_ages_29-112,8.0,1.0,0,0.1,-0.44175824175824174,0.8048496558386669
0,Ruzinov_ages_1-17,8.0,1.0,0,0.1,-0.7288135593220338,0.4688307957483483
0,Ruzinov_ages_18-21,8.0,1.0,0,0.1,-0.6991150442477876,0.511238154906414
0,Ruzinov_ages_22-28,8.0,1.0,0,0.1,-0.6326530612244898,0.599750104123282
0,Ruzinov_ages_29-112,8.0,1.0,0,0.1,-0.3559322033898305,0.8733122665900603
0,Okolie_ages_1-17,8.0,1.0,1,0.1,-0.7419354838709677,0.4495317377731529
0,Okolie_ages_18-21,8.0,1.0,1,0.1,-0.7938144329896907,0.36985864597725593
0,Okolie_ages_22-28,8.0,1.0,1,0.1,-0.7658227848101266,0.4135154622656626
0,Okolie_ages_29-112,8.0,1.0,1,0.1,-0.41040462427745666,0.8315680443716796
0,Petrzalka_ages_1-17,8.0,1.0,1,0.1,-0.8142857142857143,0.3369387755102041
0,Petrzalka_ages_18-21,8.0,1.0,1,0.1,-0.7061611374407583,0.5013364479683745
0,Petrzalka_ages_22-28,8.0,1.0,1,0.1,-0.7290076335877863,0.46854787017073585
0,Petrzalka_ages_29-112,8.0,1.0,1,0.1,-0.2879120879120879,0.9171066296341022
0,Ruzinov_ages_1-17,8.0,1.0,1,0.1,-0.864406779661017,0.25280091927607007
0,Ruzinov_ages_18-21,8.0,1.0,1,0.1,-0.7345132743362832,0.46049024982379194
0,Ruzinov_ages_22-28,8.0,1.0,1,0.1,-0.7551020408163265,0.4298209079550188
0,Ruzinov_ages_29-112,8.0,1.0,1,0.1,-0.3389830508474576,0.88509049123815
0,Okolie_ages_1-17,8.0,1.0,2,0.1,-0.7096774193548387,0.4963579604578563
0,Okolie_ages_18-21,8.0,1.0,2,0.1,-0.6907216494845361,0.5229036029333617
0,Okolie_ages_22-28,8.0,1.0,2,0.1,-0.7215189873417721,0.4794103509053037
0,Okolie_ages_29-112,8.0,1.0,2,0.1,-0.4277456647398844,0.8170336462962344
0,Petrzalka_ages_1-17,8.0,1.0,2,0.1,-0.7857142857142857,0.38265306122448983
0,Petrzalka_ages_18-21,8.0,1.0,2,0.1,-0.7819905213270142,0.3884908245547045
0,Petrzalka_ages_22-28,8.0,1.0,2,0.1,-0.6755725190839694,0.5436017714585397
0,Petrzalka_ages_29-112,8.0,1.0,2,0.1,-0.4153846153846154,0.8274556213017752
0,Ruzinov_ages_1-17,8.0,1.0,2,0.1,-0.7627118644067796,0.4182706118931342
0,Ruzinov_ages_18-21,8.0,1.0,2,0.1,-0.7876106194690266,0.3796695120996163
0,Ruzinov_ages_22-28,8.0,1.0,2,0.1,-0.7061224489795919,0.5013910870470637
0,Ruzinov_ages_29-112,8.0,1.0,2,0.1,-0.4152542372881356,0.8275639184142488
0,Okolie_ages_1-17,8.0,1.0,3,0.1,-0.6935483870967742,0.5189906347554629
0,Okolie_ages_18-21,8.0,1.0,3,0.1,-0.7628865979381443,0.41800403868636415
0,Okolie_ages_22-28,8.0,1.0,3,0.1,-0.6518987341772152,0.5750280403781445
0,Okolie_ages_29-112,8.0,1.0,3,0.1,-0.3872832369942196,0.8500116943432792
0,Petrzalka_ages_1-17,8.0,1.0,3,0.1,-0.7285714285714285,0.46918367346938783
0,Petrzalka_ages_18-21,8.0,1.0,3,0.1,-0.7345971563981043,0.4603670178118191
0,Petrzalka_ages_22-28,8.0,1.0,3,0.1,-0.6870229007633588,0.5279995338267001
0,Petrzalka_ages_29-112,8.0,1.0,3,0.1,-0.3934065934065934,0.8452312522642194
0,Ruzinov_ages_1-17,8.0,1.0,3,0.1,-0.8305084745762712,0.31025567365699513
0,Ruzinov_ages_18-21,8.0,1.0,3,0.1,-0.7522123893805309,0.43417652126243256
0,Ruzinov_ages_22-28,8.0,1.0,3,0.1,-0.6979591836734694,0.5128529779258642
0,Ruzinov_ages_29-112,8.0,1.0,3,0.1,-0.3050847457627119,0.9069232979029015
0,Okolie_ages_1-17,8.0,1.0,4,0.1,-0.8548387096774194,0.26925078043704476
0,Okolie_ages_18-21,8.0,1.0,4,0.1,-0.8041237113402062,0.35338505686045274
0,Okolie_ages_22-28,8.0,1.0,4,0.1,-0.6645569620253164,0.5583640442236821
0,Okolie_ages_29-112,8.0,1.0,4,0.1,-0.3583815028901734,0.8715626983861806
0,Petrzalka_ages_1-17,8.0,1.0,4,0.1,-0.7571428571428571,0.42673469387755103
0,Petrzalka_ages_18-21,8.0,1.0,4,0.1,-0.7535545023696683,0.4321556119584017
0,Petrzalka_ages_22-28,8.0,1.0,4,0.1,-0.6870229007633588,0.5279995338267001
0,Petrzalka_ages_29-112,8.0,1.0,4,0.1,-0.3978021978021978,0.841753411423741
0,Ruzinov_ages_1-17,8.0,1.0,4,0.1,-0.7627118644067796,0.4182706118931342
0,Ruzinov_ages_18-21,8.0,1.0,4,0.1,-0.6991150442477876,0.511238154906414
0,Ruzinov_ages_22-28,8.0,1.0,4,0.1,-0.6408163265306123,0.5893544356518117
0,Ruzinov_ages_29-112,8.0,1.0,4,0.1,-0.3559322033898305,0.8733122665900603
0,Okolie_ages_1-17,8.0,1.0,5,0.1,-0.8064516129032258,0.34963579604578576
0,Okolie_ages_18-21,8.0,1.0,5,0.1,-0.7010309278350515,0.5085556382187268
0,Okolie_ages_22-28,8.0,1.0,5,0.1,-0.6708860759493671,0.5499118730972601
0,Okolie_ages_29-112,8.0,1.0,5,0.1,-0.3699421965317919,0.8631427712252331
0,Petrzalka_ages_1-17,8.0,1.0,5,0.1,-0.8714285714285714,0.24061224489795918
0,Petrzalka_ages_18-21,8.0,1.0,5,0.1,-0.6777251184834123,0.5406886637766447
0,Petrzalka_ages_22-28,8.0,1.0,5,0.1,-0.6984732824427481,0.5121350737136531
0,Petrzalka_ages_29-112,8.0,1.0,5,0.1,-0.3934065934065934,0.8452312522642194
0,Ruzinov_ages_1-17,8.0,1.0,5,0.1,-0.8983050847457628,0.19304797471990798
0,Ruzinov_ages_18-21,8.0,1.0,5,0.1,-0.8761061946902655,0.23243793562534254
0,Ruzinov_ages_22-28,8.0,1.0,5,0.1,-0.7714285714285715,0.40489795918367344
0,Ruzinov_ages_29-112,8.0,1.0,5,0.1,-0.3474576271186441,0.8792731973570813
0,Okolie_ages_1-17,8.0,1.0,6,0.1,-0.8548387096774194,0.26925078043704476
0,Okolie_ages_18-21,8.0,1.0,6,0.1,-0.7422680412371134,0.4490381549580189
0,Okolie_ages_22-28,8.0,1.0,6,0.1,-0.7341772151898734,0.46098381669604227
0,Okolie_ages_29-112,8.0,1.0,6,0.1,-0.49710982658959535,0.7528818203080625
0,Petrzalka_ages_1-17,8.0,1.0,6,0.1,-0.6428571428571429,0.586734693877551
0,Petrzalka_ages_18-21,8.0,1.0,6,0.1,-0.7251184834123223,0.47420318501381364
0,Petrzalka_ages_22-28,8.0,1.0,6,0.1,-0.6984732824427481,0.5121350737136531
0,Petrzalka_ages_29-112,8.0,1.0,6,0.1,-0.4065934065934066,0.8346818017147688
0,Ruzinov_ages_1-17,8.0,1.0,6,0.1,-0.7288135593220338,0.4688307957483483
0,Ruzinov_ages_18-21,8.0,1.0,6,0.1,-0.7876106194690266,0.3796695120996163
0,Ruzinov_ages_22-28,8.0,1.0,6,0.1,-0.673469387755102,0.546438983756768
0,Ruzinov_ages_29-112,8.0,1.0,6,0.1,-0.4322033898305085,0.8132002298190175
0,Okolie_ages_1-17,8.0,1.0,7,0.1,-0.7741935483870968,0.4006243496357961
0,Okolie_ages_18-21,8.0,1.0,7,0.1,-0.6907216494845361,0.5229036029333617
0,Okolie_ages_22-28,8.0,1.0,7,0.1,-0.7721518987341772,0.40378144528120496
0,Okolie_ages_29-112,8.0,1.0,7,0.1,-0.3988439306358382,0.8409235189949547
0,Petrzalka_ages_1-17,8.0,1.0,7,0.1,-0.7714285714285715,0.40489795918367344
0,Petrzalka_ages_18-21,8.0,1.0,7,0.1,-0.7725118483412322,0.403225444172413
0,Petrzalka_ages_22-28,8.0,1.0,7,0.1,-0.7175572519083969,0.48511159023366945
0,Petrzalka_ages_29-112,8.0,1.0,7,0.1,-0.41098901098901097,0.8310880328462746
0,Ruzinov_ages_1-17,8.0,1.0,7,0.1,-0.6610169491525424,0.5630565929330652
0,Ruzinov_ages_18-21,8.0,1.0,7,0.1,-0.7522123893805309,0.43417652126243256
0,Ruzinov_ages_22-28,8.0,1.0,7,0.1,-0.7224489795918367,0.47806747188671384
0,Ruzinov_ages_29-112,8.0,1.0,7,0.1,-0.3898305084745763,0.8480321746624533
0,Okolie_ages_1-17,8.0,1.0,8,0.1,-0.7741935483870968,0.4006243496357961
0,Okolie_ages_18-21,8.0,1.0,8,0.1,-0.7835051546391752,0.38611967265384206
0,Okolie_ages_22-28,8.0,1.0,8,0.1,-0.689873417721519,0.5240746675212306
0,Okolie_ages_29-112,8.0,1.0,8,0.1,-0.4161849710982659,0.8267900698319356
0,Petrzalka_ages_1-17,8.0,1.0,8,0.1,-0.8285714285714286,0.3134693877551019
0,Petrzalka_ages_18-21,8.0,1.0,8,0.1,-0.7630331753554502,0.4177803733069787
0,Petrzalka_ages_22-28,8.0,1.0,8,0.1,-0.7251908396946565,0.474098246022959
0,Petrzalka_ages_29-112,8.0,1.0,8,0.1,-0.42857142857142855,0.8163265306122449
0,Ruzinov_ages_1-17,8.0,1.0,8,0.1,-0.6271186440677966,0.6067222062625682
0,Ruzinov_ages_18-21,8.0,1.0,8,0.1,-0.7522123893805309,0.43417652126243256
0,Ruzinov_ages_22-28,8.0,1.0,8,0.1,-0.6571428571428571,0.5681632653061224
0,Ruzinov_ages_29-112,8.0,1.0,8,0.1,-0.4152542372881356,0.8275639184142488
0,Okolie_ages_1-17,8.0,1.0,9,0.1,-0.7580645161290323,0.42533818938605616
0,Okolie_ages_18-21,8.0,1.0,9,0.1,-0.7835051546391752,0.38611967265384206
0,Okolie_ages_22-28,8.0,1.0,9,0.1,-0.7341772151898734,0.46098381669604227
0,Okolie_ages_29-112,8.0,1.0,9,0.1,-0.3583815028901734,0.8715626983861806
0,Petrzalka_ages_1-17,8.0,1.0,9,0.1,-0.7285714285714285,0.46918367346938783
0,Petrzalka_ages_18-21,8.0,1.0,9,0.1,-0.7630331753554502,0.4177803733069787
0,Petrzalka_ages_22-28,8.0,1.0,9,0.1,-0.6755725190839694,0.5436017714585397
0,Petrzalka_ages_29-112,8.0,1.0,9,0.1,-0.4197802197802198,0.8237845670812703
0,Ruzinov_ages_1-17,8.0,1.0,9,0.1,-0.7627118644067796,0.4182706118931342
0,Ruzinov_ages_18-21,8.0,1.0,9,0.1,-0.7699115044247787,0.4072362753543739
0,Ruzinov_ages_22-28,8.0,1.0,9,0.1,-0.7224489795918367,0.47806747188671384
0,Ruzinov_ages_29-112,8.0,1.0,9,0.1,-0.3220338983050847,0.8962941683424304
0,Okolie_ages_1-17,8.0,1.0,10,0.1,-0.7903225806451613,0.37539021852237253
0,Okolie_ages_18-21,8.0,1.0,10,0.1,-0.7422680412371134,0.4490381549580189
0,Okolie_ages_22-28,8.0,1.0,10,0.1,-0.7025316455696202,0.5064492869732415
0,Okolie_ages_29-112,8.0,1.0,10,0.1,-0.26011560693641617,0.9323398710280999
0,Petrzalka_ages_1-17,8.0,1.0,10,0.1,-0.7285714285714285,0.46918367346938783
0,Petrzalka_ages_18-21,8.0,1.0,10,0.1,-0.8199052132701422,0.3277554412524426
0,Petrzalka_ages_22-28,8.0,1.0,10,0.1,-0.6984732824427481,0.5121350737136531
0,Petrzalka_ages_29-112,8.0,1.0,10,0.1,-0.34505494505494505,0.8809370848931288
0,Ruzinov_ages_1-17,8.0,1.0,10,0.1,-0.6271186440677966,0.6067222062625682
0,Ruzinov_ages_18-21,8.0,1.0,10,0.1,-0.7522123893805309,0.43417652126243256
0,Ruzinov_ages_22-28,8.0,1.0,10,0.1,-0.689795918367347,0.5241815910037484
0,Ruzinov_ages_29-112,8.0,1.0,10,0.1,-0.3983050847457627,0.8413530594656708
0,Okolie_ages_1-17,8.0,1.0,11,0.1,-0.7580645161290323,0.42533818938605616
0,Okolie_ages_18-21,8.0,1.0,11,0.1,-0.7422680412371134,0.4490381549580189
0,Okolie_ages_22-28,8.0,1.0,11,0.1,-0.7215189873417721,0.4794103509053037
0,Okolie_ages_29-112,8.0,1.0,11,0.1,-0.3815028901734104,0.8544555447893347
0,Petrzalka_ages_1-17,8.0,1.0,11,0.1,-0.8571428571428571,0.26530612244897966
0,Petrzalka_ages_18-21,8.0,1.0,11,0.1,-0.7630331753554502,0.4177803733069787
0,Petrzalka_ages_22-28,8.0,1.0,11,0.1,-0.6984732824427481,0.5121350737136531
0,Petrzalka_ages_29-112,8.0,1.0,11,0.1,-0.34945054945054943,0.8778843134887091
0,Ruzinov_ages_1-17,8.0,1.0,11,0.1,-0.864406779661017,0.25280091927607007
0,Ruzinov_ages_18-21,8.0,1.0,11,0.1,-0.7522123893805309,0.43417652126243256
0,Ruzinov_ages_22-28,8.0,1.0,11,0.1,-0.6571428571428571,0.5681632653061224
0,Ruzinov_ages_29-112,8.0,1.0,11,0.1,-0.288135593220339,0.9169778799195634
0,Okolie_ages_1-17,8.0,1.0,12,0.1,-0.8870967741935484,0.21305931321540061
0,Okolie_ages_18-21,8.0,1.0,12,0.1,-0.7835051546391752,0.38611967265384206
0,Okolie_ages_22-28,8.0,1.0,12,0.1,-0.7088607594936709,0.4975164236500561
0,Okolie_ages_29-112,8.0,1.0,12,0.1,-0.4682080924855491,0.7807811821310435
0,Petrzalka_ages_1-17,8.0,1.0,12,0.1,-0.7571428571428571,0.42673469387755103
0,Petrzalka_ages_18-21,8.0,1.0,12,0.1,-0.7535545023696683,0.4321556119584017
0,Petrzalka_ages_22-28,8.0,1.0,12,0.1,-0.6984732824427481,0.5121350737136531
0,Petrzalka_ages_29-112,8.0,1.0,12,0.1,-0.38461538461538464,0.8520710059171598
0,Ruzinov_ages_1-17,8.0,1.0,12,0.1,-0.7627118644067796,0.4182706118931342
0,Ruzinov_ages_18-21,8.0,1.0,12,0.1,-0.6814159292035398,0.5356723314276765
0,Ruzinov_ages_22-28,8.0,1.0,12,0.1,-0.7306122448979592,0.46620574760516453
0,Ruzinov_ages_29-112,8.0,1.0,12,0.1,-0.4830508474576271,0.7666618787704682
0,Okolie_ages_1-17,8.0,1.0,13,0.1,-0.7903225806451613,0.37539021852237253
0,Okolie_ages_18-21,8.0,1.0,13,0.1,-0.8865979381443299,0.21394409607822307
0,Okolie_ages_22-28,8.0,1.0,13,0.1,-0.7025316455696202,0.5064492869732415
0,Okolie_ages_29-112,8.0,1.0,13,0.1,-0.37572254335260113,0.8588325704166527
0,Petrzalka_ages_1-17,8.0,1.0,13,0.1,-0.7285714285714285,0.46918367346938783
0,Petrzalka_ages_18-21,8.0,1.0,13,0.1,-0.7819905213270142,0.3884908245547045
0,Petrzalka_ages_22-28,8.0,1.0,13,0.1,-0.7366412213740458,0.4573597109725541
0,Petrzalka_ages_29-112,8.0,1.0,13,0.1,-0.3626373626373626,0.868494143219418
0,Ruzinov_ages_1-17,8.0,1.0,13,0.1,-0.7288135593220338,0.4688307957483483
0,Ruzinov_ages_18-21,8.0,1.0,13,0.1,-0.7345132743362832,0.46049024982379194
0,Ruzinov_ages_22-28,8.0,1.0,13,0.1,-0.689795918367347,0.5241815910037484
0,Ruzinov_ages_29-112,8.0,1.0,13,0.1,-0.3559322033898305,0.8733122665900603
0,Okolie_ages_1-17,8.0,1.0,14,0.1,-0.7419354838709677,0.4495317377731529
0,Okolie_ages_18-21,8.0,1.0,14,0.1,-0.865979381443299,0.2500797109150813
0,Okolie_ages_22-28,8.0,1.0,14,0.1,-0.689873417721519,0.5240746675212306
0,Okolie_ages_29-112,8.0,1.0,14,0.1,-0.3468208092485549,0.8797153262721775
0,Petrzalka_ages_1-17,8.0,1.0,14,0.1,-0.8428571428571429,0.2895918367346939
0,Petrzalka_ages_18-21,8.0,1.0,14,0.1,-0.8578199052132701,0.2641450102198962
0,Petrzalka_ages_22-28,8.0,1.0,14,0.1,-0.7442748091603053,0.44605500844939117
0,Petrzalka_ages_29-112,8.0,1.0,14,0.1,-0.4153846153846154,0.8274556213017752
0,Ruzinov_ages_1-17,8.0,1.0,14,0.1,-0.7627118644067796,0.4182706118931342
0,Ruzinov_ages_18-21,8.0,1.0,14,0.1,-0.8407079646017699,0.2932101182551492
0,Ruzinov_ages_22-28,8.0,1.0,14,0.1,-0.689795918367347,0.5241815910037484
0,Ruzinov_ages_29-112,8.0,1.0,14,0.1,-0.4406779661016949,0.8058029301924734
0,Okolie_ages_1-17,8.0,1.0,0,1.0,-0.7974068071312804,0.364142383940697
0,Okolie_ages_18-21,8.0,1.0,0,1.0,-0.7576070139247034,0.4260316124520942
0,Okolie_ages_22-28,8.0,1.0,0,1.0,-0.725428027901078,0.47375417633555283
0,Okolie_ages_29-112,8.0,1.0,0,1.0,-0.38692886061307113,0.8502860568246706
0,Petrzalka_ages_1-17,8.0,1.0,0,1.0,-0.7739628040057225,0.40098157801559964
0,Petrzalka_ages_18-21,8.0,1.0,0,1.0,-0.7540360873694207,0.4314295789446153
0,Petrzalka_ages_22-28,8.0,1.0,0,1.0,-0.6943064577760795,0.5179385426904332
0,Petrzalka_ages_29-112,8.0,1.0,0,1.0,-0.3964835164835165,0.8428008211568652
0,Ruzinov_ages_1-17,8.0,1.0,0,1.0,-0.7713310580204779,0.40504839893301026
0,Ruzinov_ages_18-21,8.0,1.0,0,1.0,-0.7524487978628673,0.43382080659472577
0,Ruzinov_ages_22-28,8.0,1.0,0,1.0,-0.6923076923076923,0.5207100591715976
0,Ruzinov_ages_29-112,8.0,1.0,0,1.0,-0.35059422750424446,0.8770836876407021
0,Okolie_ages_1-17,8.0,1.0,1,1.0,-0.7909238249594813,0.3744395031114638
0,Okolie_ages_18-21,8.0,1.0,1,1.0,-0.739040742650851,0.4538187807020787
0,Okolie_ages_22-28,8.0,1.0,1,1.0,-0.6791376030437539,0.5387721161319845
0,Okolie_ages_29-112,8.0,1.0,1,1.0,-0.41295546558704455,0.8294677834417873
0,Petrzalka_ages_1-17,8.0,1.0,1,1.0,-0.7610872675250357,0.42074617121127467
0,Petrzalka_ages_18-21,8.0,1.0,1,1.0,-0.7711301044634378,0.4053583619902076
0,Petrzalka_ages_22-28,8.0,1.0,1,1.0,-0.7053878486816966,0.5024279829322079
0,Petrzalka_ages_29-112,8.0,1.0,1,1.0,-0.39692307692307693,0.8424520710059171
0,Ruzinov_ages_1-17,8.0,1.0,1,1.0,-0.7815699658703071,0.38914838844948696
0,Ruzinov_ages_18-21,8.0,1.0,1,1.0,-0.7827248441674087,0.38734181832310577
0,Ruzinov_ages_22-28,8.0,1.0,1,1.0,-0.7135842880523732,0.49079746384478773
0,Ruzinov_ages_29-112,8.0,1.0,1,1.0,-0.3896434634974533,0.8481779713537088
0,Okolie_ages_1-17,8.0,1.0,2,1.0,-0.7828200972447326,0.38719269534974743
0,Okolie_ages_18-21,8.0,1.0,2,1.0,-0.7648272305312016,0.41503930743797224
0,Okolie_ages_22-28,8.0,1.0,2,1.0,-0.7000634115409005,0.5099112198217158
0,Okolie_ages_29-112,8.0,1.0,2,1.0,-0.39271255060728744,0.8457768525955187
0,Petrzalka_ages_1-17,8.0,1.0,2,1.0,-0.7567954220314735,0.42726068919220384
0,Petrzalka_ages_18-21,8.0,1.0,2,1.0,-0.7654320987654321,0.4141137021795459
0,Petrzalka_ages_22-28,8.0,1.0,2,1.0,-0.7057699656094765,0.5018887556435985
0,Petrzalka_ages_29-112,8.0,1.0,2,1.0,-0.41010989010989013,0.8318098780340538
0,Ruzinov_ages_1-17,8.0,1.0,2,1.0,-0.7781569965870307,0.3944716886626518
0,Ruzinov_ages_18-21,8.0,1.0,2,1.0,-0.7702582368655387,0.4067022485407916
0,Ruzinov_ages_22-28,8.0,1.0,2,1.0,-0.7152209492635024,0.48845899373461443
0,Ruzinov_ages_29-112,8.0,1.0,2,1.0,-0.38794567062818336,0.849498156640849
0,Okolie_ages_1-17,8.0,1.0,3,1.0,-0.813614262560778,0.3380318317576815
0,Okolie_ages_18-21,8.0,1.0,3,1.0,-0.7369778236204229,0.4568636874917049
0,Okolie_ages_22-28,8.0,1.0,3,1.0,-0.7102092580849715,0.4956028097303944
0,Okolie_ages_29-112,8.0,1.0,3,1.0,-0.39791787160208214,0.8416613674596689
0,Petrzalka_ages_1-17,8.0,1.0,3,1.0,-0.7682403433476395,0.409806774853101
0,Petrzalka_ages_18-21,8.0,1.0,3,1.0,-0.7559354226020892,0.4285616368554007
0,Petrzalka_ages_22-28,8.0,1.0,3,1.0,-0.6988918609094383,0.5115501667545423
0,Petrzalka_ages_29-112,8.0,1.0,3,1.0,-0.42021978021978024,0.8234153363120396
0,Ruzinov_ages_1-17,8.0,1.0,3,1.0,-0.7474402730375427,0.44133303824156367
0,Ruzinov_ages_18-21,8.0,1.0,3,1.0,-0.7684772929652716,0.4094426501967682
0,Ruzinov_ages_22-28,8.0,1.0,3,1.0,-0.679214402618658,0.5386677952753796
0,Ruzinov_ages_29-112,8.0,1.0,3,1.0,-0.3463497453310696,0.8800418539091033
0,Okolie_ages_1-17,8.0,1.0,4,1.0,-0.7925445705024311,0.371873103767117
0,Okolie_ages_18-21,8.0,1.0,4,1.0,-0.742135121196493,0.4492354618866665
0,Okolie_ages_22-28,8.0,1.0,4,1.0,-0.689283449587825,0.5248883261243084
0,Okolie_ages_29-112,8.0,1.0,4,1.0,-0.4042799305957201,0.8365577377175197
0,Petrzalka_ages_1-17,8.0,1.0,4,1.0,-0.7725321888412017,0.4031940172042219
0,Petrzalka_ages_18-21,8.0,1.0,4,1.0,-0.761633428300095,0.41991452089584413
0,Petrzalka_ages_22-28,8.0,1.0,4,1.0,-0.7122659533817348,0.4926772116532083
0,Petrzalka_ages_29-112,8.0,1.0,4,1.0,-0.4189010989010989,0.8245218693394518
0,Ruzinov_ages_1-17,8.0,1.0,4,1.0,-0.726962457337884,0.47152558562126523
0,Ruzinov_ages_18-21,8.0,1.0,4,1.0,-0.7595725734639359,0.42304950564137367
0,Ruzinov_ages_22-28,8.0,1.0,4,1.0,-0.6685761047463176,0.553005992162241
0,Ruzinov_ages_29-112,8.0,1.0,4,1.0,-0.36587436332767403,0.8661359502595691
0,Okolie_ages_1-17,8.0,1.0,5,1.0,-0.8038897893030794,0.3537612066542506
0,Okolie_ages_18-21,8.0,1.0,5,1.0,-0.7617328519855595,0.4197630622059457
0,Okolie_ages_22-28,8.0,1.0,5,1.0,-0.7032339885859227,0.5054619572975344
0,Okolie_ages_29-112,8.0,1.0,5,1.0,-0.38866396761133604,0.8489403202806143
0,Petrzalka_ages_1-17,8.0,1.0,5,1.0,-0.7868383404864091,0.3808854259405937
0,Petrzalka_ages_18-21,8.0,1.0,5,1.0,-0.7464387464387464,0.4428291978149529
0,Petrzalka_ages_22-28,8.0,1.0,5,1.0,-0.7057699656094765,0.5018887556435985
0,Petrzalka_ages_29-112,8.0,1.0,5,1.0,-0.41846153846153844,0.8248899408284024
0,Ruzinov_ages_1-17,8.0,1.0,5,1.0,-0.7713310580204779,0.40504839893301026
0,Ruzinov_ages_18-21,8.0,1.0,5,1.0,-0.7595725734639359,0.42304950564137367
0,Ruzinov_ages_22-28,8.0,1.0,5,1.0,-0.7054009819967266,0.5024094545980538
0,Ruzinov_ages_29-112,8.0,1.0,5,1.0,-0.39473684210526316,0.8441828254847645
0,Okolie_ages_1-17,8.0,1.0,6,1.0,-0.807131280388979,0.34853909621764745
0,Okolie_ages_18-21,8.0,1.0,6,1.0,-0.7648272305312016,0.41503930743797224
0,Okolie_ages_22-28,8.0,1.0,6,1.0,-0.7209892200380469,0.48017454458892883
0,Okolie_ages_29-112,8.0,1.0,6,1.0,-0.4141122035858878,0.8285110828412402
0,Petrzalka_ages_1-17,8.0,1.0,6,1.0,-0.7668097281831188,0.4120028407637315
0,Petrzalka_ages_18-21,8.0,1.0,6,1.0,-0.7568850902184235,0.42712496020504886
0,Petrzalka_ages_22-28,8.0,1.0,6,1.0,-0.7126480703095147,0.492132727884125
0,Petrzalka_ages_29-112,8.0,1.0,6,1.0,-0.3942857142857143,0.8445387755102041
0,Ruzinov_ages_1-17,8.0,1.0,6,1.0,-0.7440273037542662,0.4464233712681569
0,Ruzinov_ages_18-21,8.0,1.0,6,1.0,-0.7702582368655387,0.4067022485407916
0,Ruzinov_ages_22-28,8.0,1.0,6,1.0,-0.7184942716857611,0.4837659815547477
0,Ruzinov_ages_29-112,8.0,1.0,6,1.0,-0.3607809847198642,0.8698370810645651
0,Okolie_ages_1-17,8.0,1.0,7,1.0,-0.7860615883306321,0.3821071793511238
0,Okolie_ages_18-21,8.0,1.0,7,1.0,-0.7730789066529139,0.4023490040883352
0,Okolie_ages_22-28,8.0,1.0,7,1.0,-0.7209892200380469,0.48017454458892883
0,Okolie_ages_29-112,8.0,1.0,7,1.0,-0.3857721226142279,0.8511798694137132
0,Petrzalka_ages_1-17,8.0,1.0,7,1.0,-0.7739628040057225,0.40098157801559964
0,Petrzalka_ages_18-21,8.0,1.0,7,1.0,-0.7549857549857549,0.4299965097685896
0,Petrzalka_ages_22-28,8.0,1.0,7,1.0,-0.7122659533817348,0.4926772116532083
0,Petrzalka_ages_29-112,8.0,1.0,7,1.0,-0.41318681318681316,0.8292766574085255
0,Ruzinov_ages_1-17,8.0,1.0,7,1.0,-0.7713310580204779,0.40504839893301026
0,Ruzinov_ages_18-21,8.0,1.0,7,1.0,-0.7328584149599288,0.4629185436224209
0,Ruzinov_ages_22-28,8.0,1.0,7,1.0,-0.7062193126022913,0.5012542825075471
0,Ruzinov_ages_29-112,8.0,1.0,7,1.0,-0.3616298811544992,0.8692238290561828
0,Okolie_ages_1-17,8.0,1.0,8,1.0,-0.7941653160453809,0.36930145079054033
0,Okolie_ages_18-21,8.0,1.0,8,1.0,-0.7658586900464157,0.4134604668803882
0,Okolie_ages_22-28,8.0,1.0,8,1.0,-0.7000634115409005,0.5099112198217158
0,Okolie_ages_29-112,8.0,1.0,8,1.0,-0.42105263157894735,0.8227146814404432
0,Petrzalka_ages_1-17,8.0,1.0,8,1.0,-0.7353361945636624,0.4592806809646316
0,Petrzalka_ages_18-21,8.0,1.0,8,1.0,-0.7492877492877493,0.4385678687672989
0,Petrzalka_ages_22-28,8.0,1.0,8,1.0,-0.707298433320596,0.4997289262222303
0,Petrzalka_ages_29-112,8.0,1.0,8,1.0,-0.4228571428571429,0.8211918367346939
0,Ruzinov_ages_1-17,8.0,1.0,8,1.0,-0.7952218430034129,0.3676222204102553
0,Ruzinov_ages_18-21,8.0,1.0,8,1.0,-0.7969723953695459,0.3648350010189282
0,Ruzinov_ages_22-28,8.0,1.0,8,1.0,-0.7021276595744681,0.5070167496604798
0,Ruzinov_ages_29-112,8.0,1.0,8,1.0,-0.38879456706281834,0.8488387846224357
0,Okolie_ages_1-17,8.0,1.0,9,1.0,-0.8087520259319287,0.34592016055100083
0,Okolie_ages_18-21,8.0,1.0,9,1.0,-0.778236204228984,0.3943484104272631
0,Okolie_ages_22-28,8.0,1.0,9,1.0,-0.693722257450856,0.5187494295172883
0,Okolie_ages_29-112,8.0,1.0,9,1.0,-0.38692886061307113,0.8502860568246706
0,Petrzalka_ages_1-17,8.0,1.0,9,1.0,-0.7696709585121603,0.4076066156229725
0,Petrzalka_ages_18-21,8.0,1.0,9,1.0,-0.7578347578347578,0.42568647981753394
0,Petrzalka_ages_22-28,8.0,1.0,9,1.0,-0.7164692395873137,0.48667182872517656
0,Petrzalka_ages_29-112,8.0,1.0,9,1.0,-0.3964835164835165,0.8428008211568652
0,Ruzinov_ages_1-17,8.0,1.0,9,1.0,-0.7508532423208191,0.43621940849631335
0,Ruzinov_ages_18-21,8.0,1.0,9,1.0,-0.7453250222617988,0.4444906111904492
0,Ruzinov_ages_22-28,8.0,1.0,9,1.0,-0.6898527004909983,0.5241032516252769
0,Ruzinov_ages_29-112,8.0,1.0,9,1.0,-0.3938879456706282,0.8448522862553722
0,Okolie_ages_1-17,8.0,1.0,10,1.0,-0.7811993517017828,0.38972757290071425
0,Okolie_ages_18-21,8.0,1.0,10,1.0,-0.7751418256833419,0.39915515007629565
0,Okolie_ages_22-28,8.0,1.0,10,1.0,-0.719720989220038,0.4820016976761299
0,Okolie_ages_29-112,8.0,1.0,10,1.0,-0.39849624060150374,0.8412007462264685
0,Petrzalka_ages_1-17,8.0,1.0,10,1.0,-0.7896995708154506,0.3763745878538931
0,Petrzalka_ages_18-21,8.0,1.0,10,1.0,-0.7806267806267806,0.39062182936826817
0,Petrzalka_ages_22-28,8.0,1.0,10,1.0,-0.7099732518150554,0.49593798170715586
0,Petrzalka_ages_29-112,8.0,1.0,10,1.0,-0.40835164835164833,0.8332489312884918
0,Ruzinov_ages_1-17,8.0,1.0,10,1.0,-0.7610921501706485,0.42073873894861913
0,Ruzinov_ages_18-21,8.0,1.0,10,1.0,-0.7471059661620659,0.441832675325046
0,Ruzinov_ages_22-28,8.0,1.0,10,1.0,-0.6980360065466449,0.5127457335644123
0,Ruzinov_ages_29-112,8.0,1.0,10,1.0,-0.3709677419354839,0.8623829344432883
0,Okolie_ages_1-17,8.0,1.0,11,1.0,-0.826580226904376,0.31676512849071026
0,Okolie_ages_18-21,8.0,1.0,11,1.0,-0.7607013924703455,0.4213333914936773
0,Okolie_ages_22-28,8.0,1.0,11,1.0,-0.7006975269499048,0.5090229757262874
0,Okolie_ages_29-112,8.0,1.0,11,1.0,-0.39444765760555234,0.844411045409493
0,Petrzalka_ages_1-17,8.0,1.0,11,1.0,-0.765379113018598,0.4141948133548643
0,Petrzalka_ages_18-21,8.0,1.0,11,1.0,-0.7730294396961064,0.40242548536312384
0,Petrzalka_ages_22-28,8.0,1.0,11,1.0,-0.6943064577760795,0.5179385426904332
0,Petrzalka_ages_29-112,8.0,1.0,11,1.0,-0.4065934065934066,0.8346818017147688
0,Ruzinov_ages_1-17,8.0,1.0,11,1.0,-0.764505119453925,0.4155319223287399
0,Ruzinov_ages_18-21,8.0,1.0,11,1.0,-0.7506678539626002,0.4364977730271844
0,Ruzinov_ages_22-28,8.0,1.0,11,1.0,-0.7111292962356792,0.4942951240353476
0,Ruzinov_ages_29-112,8.0,1.0,11,1.0,-0.35738539898132426,0.8722756765949596
0,Okolie_ages_1-17,8.0,1.0,12,1.0,-0.7617504051863857,0.41973632019837726
0,Okolie_ages_18-21,8.0,1.0,12,1.0,-0.7307890665291388,0.46594734024147
0,Okolie_ages_22-28,8.0,1.0,12,1.0,-0.6987951807228916,0.5116852953984612
0,Okolie_ages_29-112,8.0,1.0,12,1.0,-0.38866396761133604,0.8489403202806143
0,Petrzalka_ages_1-17,8.0,1.0,12,1.0,-0.7625178826895566,0.4185664785786357
0,Petrzalka_ages_18-21,8.0,1.0,12,1.0,-0.7663817663817664,0.41265898815756363
0,Petrzalka_ages_22-28,8.0,1.0,12,1.0,-0.6965991593427588,0.5147496112029617
0,Petrzalka_ages_29-112,8.0,1.0,12,1.0,-0.40395604395604395,0.8368195145513827
0,Ruzinov_ages_1-17,8.0,1.0,12,1.0,-0.7372013651877133,0.4565341471653718
0,Ruzinov_ages_18-21,8.0,1.0,12,1.0,-0.7809439002671416,0.3901266246355448
0,Ruzinov_ages_22-28,8.0,1.0,12,1.0,-0.6947626841243862,0.5173048127482783
0,Ruzinov_ages_29-112,8.0,1.0,12,1.0,-0.3845500848896435,0.852121232211368
0,Okolie_ages_1-17,8.0,1.0,13,1.0,-0.7552674230145867,0.4295711197329053
0,Okolie_ages_18-21,8.0,1.0,13,1.0,-0.7679216090768437,0.41029640231283127
0,Okolie_ages_22-28,8.0,1.0,13,1.0,-0.7114774889029803,0.49379978278430947
0,Okolie_ages_29-112,8.0,1.0,13,1.0,-0.3689994216310006,0.863839426835987
0,Petrzalka_ages_1-17,8.0,1.0,13,1.0,-0.7725321888412017,0.4031940172042219
0,Petrzalka_ages_18-21,8.0,1.0,13,1.0,-0.7321937321937322,0.46389233853621314
0,Petrzalka_ages_22-28,8.0,1.0,13,1.0,-0.6794038975926634,0.5384103439358978
0,Petrzalka_ages_29-112,8.0,1.0,13,1.0,-0.3964835164835165,0.8428008211568652
0,Ruzinov_ages_1-17,8.0,1.0,13,1.0,-0.7713310580204779,0.40504839893301026
0,Ruzinov_ages_18-21,8.0,1.0,13,1.0,-0.7435440783615316,0.44714220353350054
0,Ruzinov_ages_22-28,8.0,1.0,13,1.0,-0.7078559738134206,0.498939920336654
0,Ruzinov_ages_29-112,8.0,1.0,13,1.0,-0.3837011884550085,0.852773397978214
0,Okolie_ages_1-17,8.0,1.0,14,1.0,-0.7860615883306321,0.3821071793511238
0,Okolie_ages_18-21,8.0,1.0,14,1.0,-0.7514182568334193,0.4353706032974255
0,Okolie_ages_22-28,8.0,1.0,14,1.0,-0.693722257450856,0.5187494295172883
0,Okolie_ages_29-112,8.0,1.0,14,1.0,-0.40543666859456334,0.8356211077589422
0,Petrzalka_ages_1-17,8.0,1.0,14,1.0,-0.7868383404864091,0.3808854259405937
0,Petrzalka_ages_18-21,8.0,1.0,14,1.0,-0.7768281101614435,0.3965380872630002
0,Petrzalka_ages_22-28,8.0,1.0,14,1.0,-0.7126480703095147,0.492132727884125
0,Petrzalka_ages_29-112,8.0,1.0,14,1.0,-0.40087912087912086,0.8392959304431832
0,Ruzinov_ages_1-17,8.0,1.0,14,1.0,-0.7815699658703071,0.38914838844948696
0,Ruzinov_ages_18-21,8.0,1.0,14,1.0,-0.7506678539626002,0.4364977730271844
0,Ruzinov_ages_22-28,8.0,1.0,14,1.0,-0.6726677577741408,0.5475180876511099
0,Ruzinov_ages_29-112,8.0,1.0,14,1.0,-0.3463497453310696,0.8800418539091033
0,Okolie_ages_1-17,8.0,1.0,0,0.01,-1.0,0.0
0,Okolie_ages_18-21,8.0,1.0,0,0.01,-1.0,0.0
0,Okolie_ages_22-28,8.0,1.0,0,0.01,-1.0,0.0
0,Okolie_ages_29-112,8.0,1.0,0,0.01,-0.4857142857142857,0.7640816326530613
0,Petrzalka_ages_1-17,8.0,1.0,0,0.01,-0.7142857142857143,0.4897959183673469
0,Petrzalka_ages_18-21,8.0,1.0,0,0.01,-0.45454545454545453,0.7933884297520661
0,Petrzalka_ages_22-28,8.0,1.0,0,0.01,-0.8490566037735849,0.2791028835884656
0,Petrzalka_ages_29-112,8.0,1.0,0,0.01,-0.30434782608695654,0.9073724007561437
0,Ruzinov_ages_1-17,8.0,1.0,0,0.01,-0.6666666666666666,0.5555555555555556
0,Ruzinov_ages_18-21,8.0,1.0,0,0.01,-0.8333333333333334,0.30555555555555547
0,Ruzinov_ages_22-28,8.0,1.0,0,0.01,-0.84,0.2944000000000001
0,Ruzinov_ages_29-112,8.0,1.0,0,0.01,-0.4166666666666667,0.8263888888888888
0,Okolie_ages_1-17,8.0,1.0,1,0.01,-1.0,0.0
0,Okolie_ages_18-21,8.0,1.0,1,0.01,-0.9,0.18999999999999995
0,Okolie_ages_22-28,8.0,1.0,1,0.01,-0.75,0.4375
0,Okolie_ages_29-112,8.0,1.0,1,0.01,-0.37142857142857144,0.8620408163265306
0,Petrzalka_ages_1-17,8.0,1.0,1,0.01,-0.8571428571428571,0.26530612244897966
0,Petrzalka_ages_18-21,8.0,1.0,1,0.01,-0.6363636363636364,0.5950413223140496
0,Petrzalka_ages_22-28,8.0,1.0,1,0.01,-0.7358490566037735,0.45852616589533646
0,Petrzalka_ages_29-112,8.0,1.0,1,0.01,-0.30434782608695654,0.9073724007561437
0,Ruzinov_ages_1-17,8.0,1.0,1,0.01,-0.3333333333333333,0.8888888888888888
0,Ruzinov_ages_18-21,8.0,1.0,1,0.01,-1.0,0.0
0,Ruzinov_ages_22-28,8.0,1.0,1,0.01,-0.6,0.64
0,Ruzinov_ages_29-112,8.0,1.0,1,0.01,-0.25,0.9375
0,Okolie_ages_1-17,8.0,1.0,2,0.01,-0.8461538461538461,0.28402366863905326
0,Okolie_ages_18-21,8.0,1.0,2,0.01,-0.7,0.51
0,Okolie_ages_22-28,8.0,1.0,2,0.01,-0.8125,0.33984375
0,Okolie_ages_29-112,8.0,1.0,2,0.01,-0.37142857142857144,0.8620408163265306
0,Petrzalka_ages_1-17,8.0,1.0,2,0.01,-0.8571428571428571,0.26530612244897966
0,Petrzalka_ages_18-21,8.0,1.0,2,0.01,-0.7272727272727273,0.47107438016528924
0,Petrzalka_ages_22-28,8.0,1.0,2,0.01,-0.8113207547169812,0.34175863296546805
0,Petrzalka_ages_29-112,8.0,1.0,2,0.01,-0.6086956521739131,0.6294896030245747
0,Ruzinov_ages_1-17,8.0,1.0,2,0.01,-0.6666666666666666,0.5555555555555556
0,Ruzinov_ages_18-21,8.0,1.0,2,0.01,-0.8333333333333334,0.30555555555555547
0,Ruzinov_ages_22-28,8.0,1.0,2,0.01,-0.84,0.2944000000000001
0,Ruzinov_ages_29-112,8.0,1.0,2,0.01,-0.4166666666666667,0.8263888888888888
0,Okolie_ages_1-17,8.0,1.0,3,0.01,-1.0,0.0
0,Okolie_ages_18-21,8.0,1.0,3,0.01,-1.0,0.0
0,Okolie_ages_22-28,8.0,1.0,3,0.01,-0.875,0.234375
0,Okolie_ages_29-112,8.0,1.0,3,0.01,-0.3142857142857143,0.9012244897959184
0,Petrzalka_ages_1-17,8.0,1.0,3,0.01,-1.0,0.0
0,Petrzalka_ages_18-21,8.0,1.0,3,0.01,-1.0,0.0
0,Petrzalka_ages_22-28,8.0,1.0,3,0.01,-0.6981132075471698,0.5126379494482023
0,Petrzalka_ages_29-112,8.0,1.0,3,0.01,-0.30434782608695654,0.9073724007561437
0,Ruzinov_ages_1-17,8.0,1.0,3,0.01,-0.6666666666666666,0.5555555555555556
0,Ruzinov_ages_18-21,8.0,1.0,3,0.01,-1.0,0.0
0,Ruzinov_ages_22-28,8.0,1.0,3,0.01,-0.68,0.5375999999999999
0,Ruzinov_ages_29-112,8.0,1.0,3,0.01,-0.25,0.9375
0,Okolie_ages_1-17,8.0,1.0,4,0.01,-0.5384615384615384,0.7100591715976332
0,Okolie_ages_18-21,8.0,1.0,4,0.01,-0.7,0.51
0,Okolie_ages_22-28,8.0,1.0,4,0.01,-0.75,0.4375
0,Okolie_ages_29-112,8.0,1.0,4,0.01,-0.42857142857142855,0.8163265306122449
0,Petrzalka_ages_1-17,8.0,1.0,4,0.01,-0.8571428571428571,0.26530612244897966
0,Petrzalka_ages_18-21,8.0,1.0,4,0.01,-0.8181818181818182,0.3305785123966941
0,Petrzalka_ages_22-28,8.0,1.0,4,0.01,-0.6981132075471698,0.5126379494482023
0,Petrzalka_ages_29-112,8.0,1.0,4,0.01,-0.21739130434782608,0.9527410207939508
0,Ruzinov_ages_1-17,8.0,1.0,4,0.01,-1.0,0.0
0,Ruzinov_ages_18-21,8.0,1.0,4,0.01,-0.6666666666666666,0.5555555555555556
0,Ruzinov_ages_22-28,8.0,1.0,4,0.01,-0.76,0.4224
0,Ruzinov_ages_29-112,8.0,1.0,4,0.01,-0.25,0.9375
0,Okolie_ages_1-17,8.0,1.0,5,0.01,-0.6923076923076923,0.5207100591715976
0,Okolie_ages_18-21,8.0,1.0,5,0.01,-0.6,0.64
0,Okolie_ages_22-28,8.0,1.0,5,0.01,-0.625,0.609375
0,Okolie_ages_29-112,8.0,1.0,5,0.01,-0.37142857142857144,0.8620408163265306
0,Petrzalka_ages_1-17,8.0,1.0,5,0.01,-1.0,0.0
0,Petrzalka_ages_18-21,8.0,1.0,5,0.01,-1.0,0.0
0,Petrzalka_ages_22-28,8.0,1.0,5,0.01,-0.7358490566037735,0.45852616589533646
0,Petrzalka_ages_29-112,8.0,1.0,5,0.01,-0.34782608695652173,0.8790170132325141
0,Ruzinov_ages_1-17,8.0,1.0,5,0.01,-1.0,0.0
0,Ruzinov_ages_18-21,8.0,1.0,5,0.01,-0.6666666666666666,0.5555555555555556
0,Ruzinov_ages_22-28,8.0,1.0,5,0.01,-0.76,0.4224
0,Ruzinov_ages_29-112,8.0,1.0,5,0.01,-0.5,0.75
0,Okolie_ages_1-17,8.0,1.0,6,0.01,-0.8461538461538461,0.28402366863905326
0,Okolie_ages_18-21,8.0,1.0,6,0.01,-0.9,0.18999999999999995
0,Okolie_ages_22-28,8.0,1.0,6,0.01,-0.625,0.609375
0,Okolie_ages_29-112,8.0,1.0,6,0.01,-0.4857142857142857,0.7640816326530613
0,Petrzalka_ages_1-17,8.0,1.0,6,0.01,-0.8571428571428571,0.26530612244897966
0,Petrzalka_ages_18-21,8.0,1.0,6,0.01,-0.45454545454545453,0.7933884297520661
0,Petrzalka_ages_22-28,8.0,1.0,6,0.01,-0.5471698113207547,0.7006051975792097
0,Petrzalka_ages_29-112,8.0,1.0,6,0.01,-0.34782608695652173,0.8790170132325141
0,Ruzinov_ages_1-17,8.0,1.0,6,0.01,-1.0,0.0
0,Ruzinov_ages_18-21,8.0,1.0,6,0.01,-0.8333333333333334,0.30555555555555547
0,Ruzinov_ages_22-28,8.0,1.0,6,0.01,-0.6,0.64
0,Ruzinov_ages_29-112,8.0,1.0,6,0.01,-0.3333333333333333,0.8888888888888888
0,Okolie_ages_1-17,8.0,1.0,7,0.01,-0.5384615384615384,0.7100591715976332
0,Okolie_ages_18-21,8.0,1.0,7,0.01,-1.0,0.0
0,Okolie_ages_22-28,8.0,1.0,7,0.01,-0.8125,0.33984375
0,Okolie_ages_29-112,8.0,1.0,7,0.01,-0.5428571428571428,0.7053061224489796
0,Petrzalka_ages_1-17,8.0,1.0,7,0.01,-0.8571428571428571,0.26530612244897966
0,Petrzalka_ages_18-21,8.0,1.0,7,0.01,-0.7272727272727273,0.47107438016528924
0,Petrzalka_ages_22-28,8.0,1.0,7,0.01,-0.660377358490566,0.5639017443930225
0,Petrzalka_ages_29-112,8.0,1.0,7,0.01,-0.5652173913043478,0.6805293005671078
0,Ruzinov_ages_1-17,8.0,1.0,7,0.01,-0.6666666666666666,0.5555555555555556
0,Ruzinov_ages_18-21,8.0,1.0,7,0.01,-1.0,0.0
0,Ruzinov_ages_22-28,8.0,1.0,7,0.01,-0.84,0.2944000000000001
0,Ruzinov_ages_29-112,8.0,1.0,7,0.01,-0.6666666666666666,0.5555555555555556
0,Okolie_ages_1-17,8.0,1.0,8,0.01,-0.8461538461538461,0.28402366863905326
0,Okolie_ages_18-21,8.0,1.0,8,0.01,-0.8,0.3599999999999999
0,Okolie_ages_22-28,8.0,1.0,8,0.01,-0.6875,0.52734375
0,Okolie_ages_29-112,8.0,1.0,8,0.01,-0.3142857142857143,0.9012244897959184
0,Petrzalka_ages_1-17,8.0,1.0,8,0.01,-0.7142857142857143,0.4897959183673469
0,Petrzalka_ages_18-21,8.0,1.0,8,0.01,-0.9090909090909091,0.17355371900826455
0,Petrzalka_ages_22-28,8.0,1.0,8,0.01,-0.6981132075471698,0.5126379494482023
0,Petrzalka_ages_29-112,8.0,1.0,8,0.01,-0.5217391304347826,0.727788279773157
0,Ruzinov_ages_1-17,8.0,1.0,8,0.01,-0.3333333333333333,0.8888888888888888
0,Ruzinov_ages_18-21,8.0,1.0,8,0.01,-0.6666666666666666,0.5555555555555556
0,Ruzinov_ages_22-28,8.0,1.0,8,0.01,-0.6,0.64
0,Ruzinov_ages_29-112,8.0,1.0,8,0.01,-0.5,0.75
0,Okolie_ages_1-17,8.0,1.0,9,0.01,-0.8461538461538461,0.28402366863905326
0,Okolie_ages_18-21,8.0,1.0,9,0.01,-0.8,0.3599999999999999
0,Okolie_ages_22-28,8.0,1.0,9,0.01,-0.8125,0.33984375
0,Okolie_ages_29-112,8.0,1.0,9,0.01,-0.2,0.96
0,Petrzalka_ages_1-17,8.0,1.0,9,0.01,-0.8571428571428571,0.26530612244897966
0,Petrzalka_ages_18-21,8.0,1.0,9,0.01,-0.8181818181818182,0.3305785123966941
0,Petrzalka_ages_22-28,8.0,1.0,9,0.01,-0.7735849056603774,0.40156639373442493
0,Petrzalka_ages_29-112,8.0,1.0,9,0.01,-0.30434782608695654,0.9073724007561437
0,Ruzinov_ages_1-17,8.0,1.0,9,0.01,-0.6666666666666666,0.5555555555555556
0,Ruzinov_ages_18-21,8.0,1.0,9,0.01,-0.5,0.75
0,Ruzinov_ages_22-28,8.0,1.0,9,0.01,-0.76,0.4224
0,Ruzinov_ages_29-112,8.0,1.0,9,0.01,-0.3333333333333333,0.8888888888888888
0,Okolie_ages_1-17,8.0,1.0,10,0.01,-0.5384615384615384,0.7100591715976332
0,Okolie_ages_18-21,8.0,1.0,10,0.01,-0.8,0.3599999999999999
0,Okolie_ages_22-28,8.0,1.0,10,0.01,-0.75,0.4375
0,Okolie_ages_29-112,8.0,1.0,10,0.01,-0.5428571428571428,0.7053061224489796
0,Petrzalka_ages_1-17,8.0,1.0,10,0.01,-0.42857142857142855,0.8163265306122449
0,Petrzalka_ages_18-21,8.0,1.0,10,0.01,-0.7272727272727273,0.47107438016528924
0,Petrzalka_ages_22-28,8.0,1.0,10,0.01,-0.7358490566037735,0.45852616589533646
0,Petrzalka_ages_29-112,8.0,1.0,10,0.01,-0.34782608695652173,0.8790170132325141
0,Ruzinov_ages_1-17,8.0,1.0,10,0.01,-0.6666666666666666,0.5555555555555556
0,Ruzinov_ages_18-21,8.0,1.0,10,0.01,-0.5,0.75
0,Ruzinov_ages_22-28,8.0,1.0,10,0.01,-0.68,0.5375999999999999
0,Ruzinov_ages_29-112,8.0,1.0,10,0.01,-0.6666666666666666,0.5555555555555556
0,Okolie_ages_1-17,8.0,1.0,11,0.01,-0.6923076923076923,0.5207100591715976
0,Okolie_ages_18-21,8.0,1.0,11,0.01,-0.8,0.3599999999999999
0,Okolie_ages_22-28,8.0,1.0,11,0.01,-0.8125,0.33984375
0,Okolie_ages_29-112,8.0,1.0,11,0.01,-0.37142857142857144,0.8620408163265306
0,Petrzalka_ages_1-17,8.0,1.0,11,0.01,-0.7142857142857143,0.4897959183673469
0,Petrzalka_ages_18-21,8.0,1.0,11,0.01,-0.8181818181818182,0.3305785123966941
0,Petrzalka_ages_22-28,8.0,1.0,11,0.01,-0.9622641509433962,0.0740477038091848
0,Petrzalka_ages_29-112,8.0,1.0,11,0.01,-0.21739130434782608,0.9527410207939508
0,Ruzinov_ages_1-17,8.0,1.0,11,0.01,-0.6666666666666666,0.5555555555555556
0,Ruzinov_ages_18-21,8.0,1.0,11,0.01,-0.5,0.75
0,Ruzinov_ages_22-28,8.0,1.0,11,0.01,-0.6,0.64
0,Ruzinov_ages_29-112,8.0,1.0,11,0.01,-0.6666666666666666,0.5555555555555556
0,Okolie_ages_1-17,8.0,1.0,12,0.01,-0.5384615384615384,0.7100591715976332
0,Okolie_ages_18-21,8.0,1.0,12,0.01,-0.8,0.3599999999999999
0,Okolie_ages_22-28,8.0,1.0,12,0.01,-0.5,0.75
0,Okolie_ages_29-112,8.0,1.0,12,0.01,-0.8857142857142857,0.21551020408163268
0,Petrzalka_ages_1-17,8.0,1.0,12,0.01,-0.8571428571428571,0.26530612244897966
0,Petrzalka_ages_18-21,8.0,1.0,12,0.01,-0.7272727272727273,0.47107438016528924
0,Petrzalka_ages_22-28,8.0,1.0,12,0.01,-0.6981132075471698,0.5126379494482023
0,Petrzalka_ages_29-112,8.0,1.0,12,0.01,-0.5217391304347826,0.727788279773157
0,Ruzinov_ages_1-17,8.0,1.0,12,0.01,-0.3333333333333333,0.8888888888888888
0,Ruzinov_ages_18-21,8.0,1.0,12,0.01,-1.0,0.0
0,Ruzinov_ages_22-28,8.0,1.0,12,0.01,-0.52,0.7296
0,Ruzinov_ages_29-112,8.0,1.0,12,0.01,-0.16666666666666666,0.9722222222222222
0,Okolie_ages_1-17,8.0,1.0,13,0.01,-0.6923076923076923,0.5207100591715976
0,Okolie_ages_18-21,8.0,1.0,13,0.01,-0.8,0.3599999999999999
0,Okolie_ages_22-28,8.0,1.0,13,0.01,-0.6875,0.52734375
0,Okolie_ages_29-112,8.0,1.0,13,0.01,-0.5428571428571428,0.7053061224489796
0,Petrzalka_ages_1-17,8.0,1.0,13,0.01,-1.0,0.0
0,Petrzalka_ages_18-21,8.0,1.0,13,0.01,-0.8181818181818182,0.3305785123966941
0,Petrzalka_ages_22-28,8.0,1.0,13,0.01,-0.6226415094339622,0.6123175507297971
0,Petrzalka_ages_29-112,8.0,1.0,13,0.01,-0.43478260869565216,0.8109640831758034
0,Ruzinov_ages_1-17,8.0,1.0,13,0.01,-1.0,0.0
0,Ruzinov_ages_18-21,8.0,1.0,13,0.01,-0.6666666666666666,0.5555555555555556
0,Ruzinov_ages_22-28,8.0,1.0,13,0.01,-0.84,0.2944000000000001
0,Ruzinov_ages_29-112,8.0,1.0,13,0.01,-0.4166666666666667,0.8263888888888888
0,Okolie_ages_1-17,8.0,1.0,14,0.01,-0.8461538461538461,0.28402366863905326
0,Okolie_ages_18-21,8.0,1.0,14,0.01,-0.9,0.18999999999999995
0,Okolie_ages_22-28,8.0,1.0,14,0.01,-0.5,0.75
0,Okolie_ages_29-112,8.0,1.0,14,0.01,-0.08571428571428572,0.9926530612244898
0,Petrzalka_ages_1-17,8.0,1.0,14,0.01,-1.0,0.0
0,Petrzalka_ages_18-21,8.0,1.0,14,0.01,-0.8181818181818182,0.3305785123966941
0,Petrzalka_ages_22-28,8.0,1.0,14,0.01,-0.7358490566037735,0.45852616589533646
0,Petrzalka_ages_29-112,8.0,1.0,14,0.01,-0.5217391304347826,0.727788279773157
0,Ruzinov_ages_1-17,8.0,1.0,14,0.01,-0.3333333333333333,0.8888888888888888
0,Ruzinov_ages_18-21,8.0,1.0,14,0.01,-0.6666666666666666,0.5555555555555556
0,Ruzinov_ages_22-28,8.0,1.0,14,0.01,-0.76,0.4224
0,Ruzinov_ages_29-112,8.0,1.0,14,0.01,-0.5833333333333334,0.6597222222222221
