,control,magnetisation,mag_se,beta_factor,gradient,samp_frac,snapshot_num
0,no con,-0.6101971401527956,1.731473363552784e-05,8.0,1.0,0.0001,0.0
1,unif,-0.586740795078088,1.628731923603448e-05,8.0,1.0,0.0001,0.0
2,snapshot,0.011985017916300455,1.9080996884372194e-05,8.0,1.0,0.0001,0.0
0,no con,-0.6198718342235142,9.14220609914077e-06,8.0,1.0,0.0001,0.0
1,unif,-0.5855595159218444,2.0439714262604796e-05,8.0,1.0,0.0001,0.0
2,snapshot,-0.0037466297072544117,2.976896506602699e-05,8.0,1.0,0.0001,0.0
0,no con,-0.611881583395308,9.384728536691929e-06,8.0,1.0,0.0001,0.0
1,unif,-0.5846545128794537,2.3703222844542986e-05,8.0,1.0,0.0001,0.0
2,snapshot,-0.0014389426002298696,1.750375970641615e-05,8.0,1.0,0.0001,0.0
0,no con,-0.6114483131634102,7.2882909750735565e-06,8.0,1.0,0.0001,0.0
1,unif,-0.5802876546548578,1.0001515124797284e-05,8.0,1.0,0.0001,0.0
2,snapshot,-0.0040263268203637355,1.0249777777803483e-05,8.0,1.0,0.0001,0.0
0,no con,-0.6211319045365424,1.4323773732277931e-05,8.0,1.0,0.0001,0.0
1,unif,-0.5783198769522006,1.6957243916227914e-05,8.0,1.0,0.0001,0.0
2,snapshot,0.0006793049827597862,3.7148088169055374e-05,8.0,1.0,0.0001,0.0
0,no con,-0.6184627543776622,1.2923229052428186e-05,8.0,1.0,0.0001,0.0
1,unif,-0.5864430802515044,3.1582663405281844e-05,8.0,1.0,0.0001,0.0
2,snapshot,-0.004206639172469745,1.7446419971546243e-05,8.0,1.0,0.0001,0.0
0,no con,-0.6062896017848691,1.2119571524780075e-05,8.0,1.0,0.0001,0.0
1,unif,-0.586808072476506,1.539917693865561e-05,8.0,1.0,0.0001,0.0
2,snapshot,0.004824230951254141,2.2641863492911772e-05,8.0,1.0,0.0001,0.0
0,no con,-0.6061355080792373,1.0569657379168216e-05,8.0,1.0,0.0001,0.0
1,unif,-0.5796374957744574,1.1358337541563517e-05,8.0,1.0,0.0001,0.0
2,snapshot,0.007850774119396931,2.4065120813429645e-05,8.0,1.0,0.0001,0.0
0,no con,-0.6097977486309242,9.971884229365045e-06,8.0,1.0,0.0001,0.0
1,unif,-0.5868535934013926,9.933717887186176e-06,8.0,1.0,0.0001,0.0
2,snapshot,0.0009030491515110541,2.7246574925173898e-05,8.0,1.0,0.0001,0.0
0,no con,-0.609639666013116,9.89272810598293e-06,8.0,1.0,0.0001,0.0
1,unif,-0.5725533229666688,3.078631499156743e-05,8.0,1.0,0.0001,0.0
2,snapshot,-0.0072560881617199655,2.6604507792962045e-05,8.0,1.0,0.0001,0.0
0,no con,-0.609639666013116,9.89272810598293e-06,8.0,1.0,0.0001,1.0
1,unif,-0.5725533229666688,3.078631499156743e-05,8.0,1.0,0.0001,1.0
2,snapshot,-0.005416442431208167,1.2482696713440841e-05,8.0,1.0,0.0001,1.0
0,no con,-0.609639666013116,9.89272810598293e-06,8.0,1.0,0.0001,1.0
1,unif,-0.5725533229666688,3.078631499156743e-05,8.0,1.0,0.0001,1.0
2,snapshot,-0.003036508687715503,1.4875305557772426e-05,8.0,1.0,0.0001,1.0
0,no con,-0.609639666013116,9.89272810598293e-06,8.0,1.0,0.0001,1.0
1,unif,-0.5725533229666688,3.078631499156743e-05,8.0,1.0,0.0001,1.0
2,snapshot,-0.00896103035629775,4.708293474178055e-05,8.0,1.0,0.0001,1.0
0,no con,-0.609639666013116,9.89272810598293e-06,8.0,1.0,0.0001,1.0
1,unif,-0.5725533229666688,3.078631499156743e-05,8.0,1.0,0.0001,1.0
2,snapshot,-0.0008709620715299844,3.1828784084557875e-05,8.0,1.0,0.0001,1.0
0,no con,-0.609639666013116,9.89272810598293e-06,8.0,1.0,0.0001,1.0
1,unif,-0.5725533229666688,3.078631499156743e-05,8.0,1.0,0.0001,1.0
2,snapshot,0.013017483604894868,2.626838729181558e-05,8.0,1.0,0.0001,1.0
0,no con,-0.609639666013116,9.89272810598293e-06,8.0,1.0,0.0001,1.0
1,unif,-0.5725533229666688,3.078631499156743e-05,8.0,1.0,0.0001,1.0
2,snapshot,0.0024271110810628084,1.542070727502397e-05,8.0,1.0,0.0001,1.0
0,no con,-0.609639666013116,9.89272810598293e-06,8.0,1.0,0.0001,1.0
1,unif,-0.5725533229666688,3.078631499156743e-05,8.0,1.0,0.0001,1.0
2,snapshot,0.0006152930836319382,3.534306064597888e-05,8.0,1.0,0.0001,1.0
0,no con,-0.609639666013116,9.89272810598293e-06,8.0,1.0,0.0001,1.0
1,unif,-0.5725533229666688,3.078631499156743e-05,8.0,1.0,0.0001,1.0
2,snapshot,-0.001969238050165641,2.8642271852186708e-05,8.0,1.0,0.0001,1.0
0,no con,-0.609639666013116,9.89272810598293e-06,8.0,1.0,0.0001,1.0
1,unif,-0.5725533229666688,3.078631499156743e-05,8.0,1.0,0.0001,1.0
2,snapshot,0.002635318774930701,2.6358240809658825e-05,8.0,1.0,0.0001,1.0
0,no con,-0.609639666013116,9.89272810598293e-06,8.0,1.0,0.0001,1.0
1,unif,-0.5725533229666688,3.078631499156743e-05,8.0,1.0,0.0001,1.0
2,snapshot,-0.003525616929213711,3.021401913488669e-05,8.0,1.0,0.0001,1.0
0,no con,-0.609639666013116,9.89272810598293e-06,8.0,1.0,0.0001,2.0
1,unif,-0.5725533229666688,3.078631499156743e-05,8.0,1.0,0.0001,2.0
2,snapshot,0.001422986951524576,2.1477577233227225e-05,8.0,1.0,0.0001,2.0
0,no con,-0.609639666013116,9.89272810598293e-06,8.0,1.0,0.0001,2.0
1,unif,-0.5725533229666688,3.078631499156743e-05,8.0,1.0,0.0001,2.0
2,snapshot,0.0004805760259617335,1.765732831269834e-05,8.0,1.0,0.0001,2.0
0,no con,-0.609639666013116,9.89272810598293e-06,8.0,1.0,0.0001,2.0
1,unif,-0.5725533229666688,3.078631499156743e-05,8.0,1.0,0.0001,2.0
2,snapshot,-0.00018039348252315613,3.20004845606884e-05,8.0,1.0,0.0001,2.0
0,no con,-0.609639666013116,9.89272810598293e-06,8.0,1.0,0.0001,2.0
1,unif,-0.5725533229666688,3.078631499156743e-05,8.0,1.0,0.0001,2.0
2,snapshot,-0.007288743154621053,1.730036975115141e-05,8.0,1.0,0.0001,2.0
0,no con,-0.609639666013116,9.89272810598293e-06,8.0,1.0,0.0001,2.0
1,unif,-0.5725533229666688,3.078631499156743e-05,8.0,1.0,0.0001,2.0
2,snapshot,0.004981596917044148,3.2411567859684214e-05,8.0,1.0,0.0001,2.0
0,no con,-0.609639666013116,9.89272810598293e-06,8.0,1.0,0.0001,2.0
1,unif,-0.5725533229666688,3.078631499156743e-05,8.0,1.0,0.0001,2.0
2,snapshot,0.006419674126157798,1.4190942724904559e-05,8.0,1.0,0.0001,2.0
0,no con,-0.609639666013116,9.89272810598293e-06,8.0,1.0,0.0001,2.0
1,unif,-0.5725533229666688,3.078631499156743e-05,8.0,1.0,0.0001,2.0
2,snapshot,0.0016914204583868568,2.3995086149283182e-05,8.0,1.0,0.0001,2.0
0,no con,-0.609639666013116,9.89272810598293e-06,8.0,1.0,0.0001,2.0
1,unif,-0.5725533229666688,3.078631499156743e-05,8.0,1.0,0.0001,2.0
2,snapshot,0.00032953823270907997,2.0139809147788077e-05,8.0,1.0,0.0001,2.0
0,no con,-0.609639666013116,9.89272810598293e-06,8.0,1.0,0.0001,2.0
1,unif,-0.5725533229666688,3.078631499156743e-05,8.0,1.0,0.0001,2.0
2,snapshot,0.001500466499898587,1.4659283483290256e-05,8.0,1.0,0.0001,2.0
0,no con,-0.609639666013116,9.89272810598293e-06,8.0,1.0,0.0001,2.0
1,unif,-0.5725533229666688,3.078631499156743e-05,8.0,1.0,0.0001,2.0
2,snapshot,-0.0015905077411939692,2.0936312232130664e-05,8.0,1.0,0.0001,2.0
0,no con,-0.609639666013116,9.89272810598293e-06,8.0,1.0,0.0002782559402207126,0.0
1,unif,-0.5725533229666688,3.078631499156743e-05,8.0,1.0,0.0002782559402207126,0.0
2,snapshot,0.001846636468122507,1.8078505123883864e-05,8.0,1.0,0.0002782559402207126,0.0
0,no con,-0.609639666013116,9.89272810598293e-06,8.0,1.0,0.0002782559402207126,0.0
1,unif,-0.5725533229666688,3.078631499156743e-05,8.0,1.0,0.0002782559402207126,0.0
2,snapshot,0.004686038807382867,2.3980929395967424e-05,8.0,1.0,0.0002782559402207126,0.0
0,no con,-0.609639666013116,9.89272810598293e-06,8.0,1.0,0.0002782559402207126,0.0
1,unif,-0.5725533229666688,3.078631499156743e-05,8.0,1.0,0.0002782559402207126,0.0
2,snapshot,-0.0040946386316002975,2.046119425048256e-05,8.0,1.0,0.0002782559402207126,0.0
0,no con,-0.609639666013116,9.89272810598293e-06,8.0,1.0,0.0002782559402207126,0.0
1,unif,-0.5725533229666688,3.078631499156743e-05,8.0,1.0,0.0002782559402207126,0.0
2,snapshot,-0.002438874991548915,1.60856897617089e-05,8.0,1.0,0.0002782559402207126,0.0
0,no con,-0.609639666013116,9.89272810598293e-06,8.0,1.0,0.0002782559402207126,0.0
1,unif,-0.5725533229666688,3.078631499156743e-05,8.0,1.0,0.0002782559402207126,0.0
2,snapshot,0.004931120275843418,1.7103263562211632e-05,8.0,1.0,0.0002782559402207126,0.0
0,no con,-0.609639666013116,9.89272810598293e-06,8.0,1.0,0.0002782559402207126,0.0
1,unif,-0.5725533229666688,3.078631499156743e-05,8.0,1.0,0.0002782559402207126,0.0
2,snapshot,0.0065905212629301605,1.3850713536428613e-05,8.0,1.0,0.0002782559402207126,0.0
0,no con,-0.609639666013116,9.89272810598293e-06,8.0,1.0,0.0002782559402207126,0.0
1,unif,-0.5725533229666688,3.078631499156743e-05,8.0,1.0,0.0002782559402207126,0.0
2,snapshot,-0.0018218916908931107,1.747897798751306e-05,8.0,1.0,0.0002782559402207126,0.0
0,no con,-0.609639666013116,9.89272810598293e-06,8.0,1.0,0.0002782559402207126,0.0
1,unif,-0.5725533229666688,3.078631499156743e-05,8.0,1.0,0.0002782559402207126,0.0
2,snapshot,-0.0007364072746940707,1.5967466647552256e-05,8.0,1.0,0.0002782559402207126,0.0
0,no con,-0.609639666013116,9.89272810598293e-06,8.0,1.0,0.0002782559402207126,0.0
1,unif,-0.5725533229666688,3.078631499156743e-05,8.0,1.0,0.0002782559402207126,0.0
2,snapshot,0.00014475018592387267,2.1333371421363118e-05,8.0,1.0,0.0002782559402207126,0.0
0,no con,-0.609639666013116,9.89272810598293e-06,8.0,1.0,0.0002782559402207126,0.0
1,unif,-0.5725533229666688,3.078631499156743e-05,8.0,1.0,0.0002782559402207126,0.0
2,snapshot,0.005353809749171794,1.4031015928362728e-05,8.0,1.0,0.0002782559402207126,0.0
0,no con,-0.609639666013116,9.89272810598293e-06,8.0,1.0,0.0002782559402207126,1.0
1,unif,-0.5725533229666688,3.078631499156743e-05,8.0,1.0,0.0002782559402207126,1.0
2,snapshot,0.008377851396119261,9.783749822564601e-06,8.0,1.0,0.0002782559402207126,1.0
0,no con,-0.609639666013116,9.89272810598293e-06,8.0,1.0,0.0002782559402207126,1.0
1,unif,-0.5725533229666688,3.078631499156743e-05,8.0,1.0,0.0002782559402207126,1.0
2,snapshot,-0.00171174362788182,3.31254600762092e-05,8.0,1.0,0.0002782559402207126,1.0
0,no con,-0.609639666013116,9.89272810598293e-06,8.0,1.0,0.0002782559402207126,1.0
1,unif,-0.5725533229666688,3.078631499156743e-05,8.0,1.0,0.0002782559402207126,1.0
2,snapshot,0.0015372997092826719,1.7604184842378745e-05,8.0,1.0,0.0002782559402207126,1.0
0,no con,-0.609639666013116,9.89272810598293e-06,8.0,1.0,0.0002782559402207126,1.0
1,unif,-0.5725533229666688,3.078631499156743e-05,8.0,1.0,0.0002782559402207126,1.0
2,snapshot,0.005398242174295179,3.054289778243432e-05,8.0,1.0,0.0002782559402207126,1.0
0,no con,-0.609639666013116,9.89272810598293e-06,8.0,1.0,0.0002782559402207126,1.0
1,unif,-0.5725533229666688,3.078631499156743e-05,8.0,1.0,0.0002782559402207126,1.0
2,snapshot,0.00370897167196268,2.5396989680659496e-05,8.0,1.0,0.0002782559402207126,1.0
0,no con,-0.609639666013116,9.89272810598293e-06,8.0,1.0,0.0002782559402207126,1.0
1,unif,-0.5725533229666688,3.078631499156743e-05,8.0,1.0,0.0002782559402207126,1.0
2,snapshot,0.005082374416875127,1.8929338313620395e-05,8.0,1.0,0.0002782559402207126,1.0
0,no con,-0.609639666013116,9.89272810598293e-06,8.0,1.0,0.0002782559402207126,1.0
1,unif,-0.5725533229666688,3.078631499156743e-05,8.0,1.0,0.0002782559402207126,1.0
2,snapshot,0.0011258738422013385,1.443669124047463e-05,8.0,1.0,0.0002782559402207126,1.0
0,no con,-0.609639666013116,9.89272810598293e-06,8.0,1.0,0.0002782559402207126,1.0
1,unif,-0.5725533229666688,3.078631499156743e-05,8.0,1.0,0.0002782559402207126,1.0
2,snapshot,0.0012514637279426677,3.0102723543017476e-05,8.0,1.0,0.0002782559402207126,1.0
0,no con,-0.609639666013116,9.89272810598293e-06,8.0,1.0,0.0002782559402207126,1.0
1,unif,-0.5725533229666688,3.078631499156743e-05,8.0,1.0,0.0002782559402207126,1.0
2,snapshot,-0.0017138935839361774,2.166081700062199e-05,8.0,1.0,0.0002782559402207126,1.0
0,no con,-0.609639666013116,9.89272810598293e-06,8.0,1.0,0.0002782559402207126,1.0
1,unif,-0.5725533229666688,3.078631499156743e-05,8.0,1.0,0.0002782559402207126,1.0
2,snapshot,-0.0011982556960313702,1.8134647639010027e-05,8.0,1.0,0.0002782559402207126,1.0
0,no con,-0.609639666013116,9.89272810598293e-06,8.0,1.0,0.0002782559402207126,2.0
1,unif,-0.5725533229666688,3.078631499156743e-05,8.0,1.0,0.0002782559402207126,2.0
2,snapshot,-0.5691110202149956,8.685319087141852e-06,8.0,1.0,0.0002782559402207126,2.0
0,no con,-0.609639666013116,9.89272810598293e-06,8.0,1.0,0.0002782559402207126,2.0
1,unif,-0.5725533229666688,3.078631499156743e-05,8.0,1.0,0.0002782559402207126,2.0
2,snapshot,-0.5708998647826381,1.0373716127759786e-05,8.0,1.0,0.0002782559402207126,2.0
0,no con,-0.609639666013116,9.89272810598293e-06,8.0,1.0,0.0002782559402207126,2.0
1,unif,-0.5725533229666688,3.078631499156743e-05,8.0,1.0,0.0002782559402207126,2.0
2,snapshot,-0.5690065445203164,1.834055774037868e-05,8.0,1.0,0.0002782559402207126,2.0
0,no con,-0.609639666013116,9.89272810598293e-06,8.0,1.0,0.0002782559402207126,2.0
1,unif,-0.5725533229666688,3.078631499156743e-05,8.0,1.0,0.0002782559402207126,2.0
2,snapshot,-0.566398573456832,2.871929694316434e-05,8.0,1.0,0.0002782559402207126,2.0
0,no con,-0.609639666013116,9.89272810598293e-06,8.0,1.0,0.0002782559402207126,2.0
1,unif,-0.5725533229666688,3.078631499156743e-05,8.0,1.0,0.0002782559402207126,2.0
2,snapshot,-0.5687021229125819,5.587433790995012e-06,8.0,1.0,0.0002782559402207126,2.0
0,no con,-0.609639666013116,9.89272810598293e-06,8.0,1.0,0.0002782559402207126,2.0
1,unif,-0.5725533229666688,3.078631499156743e-05,8.0,1.0,0.0002782559402207126,2.0
2,snapshot,-0.5789468730985059,1.158101482314907e-05,8.0,1.0,0.0002782559402207126,2.0
0,no con,-0.609639666013116,9.89272810598293e-06,8.0,1.0,0.0002782559402207126,2.0
1,unif,-0.5725533229666688,3.078631499156743e-05,8.0,1.0,0.0002782559402207126,2.0
2,snapshot,-0.578618761408965,1.2350214877479334e-05,8.0,1.0,0.0002782559402207126,2.0
0,no con,-0.609639666013116,9.89272810598293e-06,8.0,1.0,0.0002782559402207126,2.0
1,unif,-0.5725533229666688,3.078631499156743e-05,8.0,1.0,0.0002782559402207126,2.0
2,snapshot,-0.5703956054357379,1.431637759993922e-05,8.0,1.0,0.0002782559402207126,2.0
0,no con,-0.609639666013116,9.89272810598293e-06,8.0,1.0,0.0002782559402207126,2.0
1,unif,-0.5725533229666688,3.078631499156743e-05,8.0,1.0,0.0002782559402207126,2.0
2,snapshot,-0.5737723412886214,2.07908530958176e-05,8.0,1.0,0.0002782559402207126,2.0
0,no con,-0.609639666013116,9.89272810598293e-06,8.0,1.0,0.0002782559402207126,2.0
1,unif,-0.5725533229666688,3.078631499156743e-05,8.0,1.0,0.0002782559402207126,2.0
2,snapshot,-0.5703214116692584,1.790979605730236e-05,8.0,1.0,0.0002782559402207126,2.0
0,no con,-0.609639666013116,9.89272810598293e-06,8.0,1.0,0.000774263682681127,0.0
1,unif,-0.5725533229666688,3.078631499156743e-05,8.0,1.0,0.000774263682681127,0.0
2,snapshot,-0.5760111689540938,1.4917104477641953e-05,8.0,1.0,0.000774263682681127,0.0
0,no con,-0.609639666013116,9.89272810598293e-06,8.0,1.0,0.000774263682681127,0.0
1,unif,-0.5725533229666688,3.078631499156743e-05,8.0,1.0,0.000774263682681127,0.0
2,snapshot,-0.58578810763302,1.566319346294107e-05,8.0,1.0,0.000774263682681127,0.0
0,no con,-0.609639666013116,9.89272810598293e-06,8.0,1.0,0.000774263682681127,0.0
1,unif,-0.5725533229666688,3.078631499156743e-05,8.0,1.0,0.000774263682681127,0.0
2,snapshot,-0.5672801500912718,1.9334477404877236e-05,8.0,1.0,0.000774263682681127,0.0
0,no con,-0.609639666013116,9.89272810598293e-06,8.0,1.0,0.000774263682681127,0.0
1,unif,-0.5725533229666688,3.078631499156743e-05,8.0,1.0,0.000774263682681127,0.0
2,snapshot,-0.5811055574335745,9.778663000322258e-06,8.0,1.0,0.000774263682681127,0.0
0,no con,-0.609639666013116,9.89272810598293e-06,8.0,1.0,0.000774263682681127,0.0
1,unif,-0.5725533229666688,3.078631499156743e-05,8.0,1.0,0.000774263682681127,0.0
2,snapshot,-0.5811785815698735,9.13523492077398e-06,8.0,1.0,0.000774263682681127,0.0
0,no con,-0.609639666013116,9.89272810598293e-06,8.0,1.0,0.000774263682681127,0.0
1,unif,-0.5725533229666688,3.078631499156743e-05,8.0,1.0,0.000774263682681127,0.0
2,snapshot,-0.5757004800216348,1.5014373492960906e-05,8.0,1.0,0.000774263682681127,0.0
0,no con,-0.609639666013116,9.89272810598293e-06,8.0,1.0,0.000774263682681127,0.0
1,unif,-0.5725533229666688,3.078631499156743e-05,8.0,1.0,0.000774263682681127,0.0
2,snapshot,-0.5761864985464134,1.3744493629735823e-05,8.0,1.0,0.000774263682681127,0.0
0,no con,-0.609639666013116,9.89272810598293e-06,8.0,1.0,0.000774263682681127,0.0
1,unif,-0.5725533229666688,3.078631499156743e-05,8.0,1.0,0.000774263682681127,0.0
2,snapshot,-0.5746375498614021,1.135695286434076e-05,8.0,1.0,0.000774263682681127,0.0
0,no con,-0.609639666013116,9.89272810598293e-06,8.0,1.0,0.000774263682681127,0.0
1,unif,-0.5725533229666688,3.078631499156743e-05,8.0,1.0,0.000774263682681127,0.0
2,snapshot,-0.5738632952471098,9.695429510836034e-06,8.0,1.0,0.000774263682681127,0.0
0,no con,-0.609639666013116,9.89272810598293e-06,8.0,1.0,0.000774263682681127,0.0
1,unif,-0.5725533229666688,3.078631499156743e-05,8.0,1.0,0.000774263682681127,0.0
2,snapshot,-0.5752242309512542,9.618835823437185e-06,8.0,1.0,0.000774263682681127,0.0
0,no con,-0.609639666013116,9.89272810598293e-06,8.0,1.0,0.000774263682681127,1.0
1,unif,-0.5725533229666688,3.078631499156743e-05,8.0,1.0,0.000774263682681127,1.0
2,snapshot,-0.5840528023798256,2.6548791630814687e-05,8.0,1.0,0.000774263682681127,1.0
0,no con,-0.609639666013116,9.89272810598293e-06,8.0,1.0,0.000774263682681127,1.0
1,unif,-0.5725533229666688,3.078631499156743e-05,8.0,1.0,0.000774263682681127,1.0
2,snapshot,-0.5786434250557771,8.764026019487174e-06,8.0,1.0,0.000774263682681127,1.0
0,no con,-0.609639666013116,9.89272810598293e-06,8.0,1.0,0.000774263682681127,1.0
1,unif,-0.5725533229666688,3.078631499156743e-05,8.0,1.0,0.000774263682681127,1.0
2,snapshot,-0.5746160300182545,9.896961839276179e-06,8.0,1.0,0.000774263682681127,1.0
0,no con,-0.609639666013116,9.89272810598293e-06,8.0,1.0,0.000774263682681127,1.0
1,unif,-0.5725533229666688,3.078631499156743e-05,8.0,1.0,0.000774263682681127,1.0
2,snapshot,-0.5757974849570684,1.1570576298168555e-05,8.0,1.0,0.000774263682681127,1.0
0,no con,-0.609639666013116,9.89272810598293e-06,8.0,1.0,0.000774263682681127,1.0
1,unif,-0.5725533229666688,3.078631499156743e-05,8.0,1.0,0.000774263682681127,1.0
2,snapshot,-0.5791784531133798,2.0585772001088975e-05,8.0,1.0,0.000774263682681127,1.0
0,no con,-0.609639666013116,9.89272810598293e-06,8.0,1.0,0.000774263682681127,1.0
1,unif,-0.5725533229666688,3.078631499156743e-05,8.0,1.0,0.000774263682681127,1.0
2,snapshot,-0.5805769183963221,1.4889408810405136e-05,8.0,1.0,0.000774263682681127,1.0
0,no con,-0.609639666013116,9.89272810598293e-06,8.0,1.0,0.000774263682681127,1.0
1,unif,-0.5725533229666688,3.078631499156743e-05,8.0,1.0,0.000774263682681127,1.0
2,snapshot,-0.5715341085795416,8.143116511310111e-06,8.0,1.0,0.000774263682681127,1.0
0,no con,-0.609639666013116,9.89272810598293e-06,8.0,1.0,0.000774263682681127,1.0
1,unif,-0.5725533229666688,3.078631499156743e-05,8.0,1.0,0.000774263682681127,1.0
2,snapshot,-0.5751622675951592,1.614442147207903e-05,8.0,1.0,0.000774263682681127,1.0
0,no con,-0.609639666013116,9.89272810598293e-06,8.0,1.0,0.000774263682681127,1.0
1,unif,-0.5725533229666688,3.078631499156743e-05,8.0,1.0,0.000774263682681127,1.0
2,snapshot,-0.5816203637347035,8.471618373266948e-06,8.0,1.0,0.000774263682681127,1.0
0,no con,-0.609639666013116,9.89272810598293e-06,8.0,1.0,0.000774263682681127,1.0
1,unif,-0.5725533229666688,3.078631499156743e-05,8.0,1.0,0.000774263682681127,1.0
2,snapshot,-0.5790655398553174,1.0287656082910335e-05,8.0,1.0,0.000774263682681127,1.0
0,no con,-0.609639666013116,9.89272810598293e-06,8.0,1.0,0.000774263682681127,2.0
1,unif,-0.5725533229666688,3.078631499156743e-05,8.0,1.0,0.000774263682681127,2.0
2,snapshot,-0.5839752755053749,1.3583074197138392e-05,8.0,1.0,0.000774263682681127,2.0
0,no con,-0.609639666013116,9.89272810598293e-06,8.0,1.0,0.000774263682681127,2.0
1,unif,-0.5725533229666688,3.078631499156743e-05,8.0,1.0,0.000774263682681127,2.0
2,snapshot,-0.573827401798391,1.6176539245476057e-05,8.0,1.0,0.000774263682681127,2.0
0,no con,-0.609639666013116,9.89272810598293e-06,8.0,1.0,0.000774263682681127,2.0
1,unif,-0.5725533229666688,3.078631499156743e-05,8.0,1.0,0.000774263682681127,2.0
2,snapshot,-0.5770725643972686,3.4246604559119966e-05,8.0,1.0,0.000774263682681127,2.0
0,no con,-0.609639666013116,9.89272810598293e-06,8.0,1.0,0.000774263682681127,2.0
1,unif,-0.5725533229666688,3.078631499156743e-05,8.0,1.0,0.000774263682681127,2.0
2,snapshot,-0.5760058954769792,7.544158254213522e-06,8.0,1.0,0.000774263682681127,2.0
0,no con,-0.609639666013116,9.89272810598293e-06,8.0,1.0,0.000774263682681127,2.0
1,unif,-0.5725533229666688,3.078631499156743e-05,8.0,1.0,0.000774263682681127,2.0
2,snapshot,-0.5746331958623486,1.2894549385836168e-05,8.0,1.0,0.000774263682681127,2.0
0,no con,-0.609639666013116,9.89272810598293e-06,8.0,1.0,0.000774263682681127,2.0
1,unif,-0.5725533229666688,3.078631499156743e-05,8.0,1.0,0.000774263682681127,2.0
2,snapshot,-0.575153897640457,1.1280400058454702e-05,8.0,1.0,0.000774263682681127,2.0
0,no con,-0.609639666013116,9.89272810598293e-06,8.0,1.0,0.000774263682681127,2.0
1,unif,-0.5725533229666688,3.078631499156743e-05,8.0,1.0,0.000774263682681127,2.0
2,snapshot,-0.5822991278480156,1.4099217236834351e-05,8.0,1.0,0.000774263682681127,2.0
0,no con,-0.609639666013116,9.89272810598293e-06,8.0,1.0,0.000774263682681127,2.0
1,unif,-0.5725533229666688,3.078631499156743e-05,8.0,1.0,0.000774263682681127,2.0
2,snapshot,-0.5887052464336422,8.508430771542139e-06,8.0,1.0,0.000774263682681127,2.0
0,no con,-0.609639666013116,9.89272810598293e-06,8.0,1.0,0.000774263682681127,2.0
1,unif,-0.5725533229666688,3.078631499156743e-05,8.0,1.0,0.000774263682681127,2.0
2,snapshot,-0.5783570211615171,1.8323274701123228e-05,8.0,1.0,0.000774263682681127,2.0
0,no con,-0.609639666013116,9.89272810598293e-06,8.0,1.0,0.000774263682681127,2.0
1,unif,-0.5725533229666688,3.078631499156743e-05,8.0,1.0,0.000774263682681127,2.0
2,snapshot,-0.5823498275978636,1.5691133679267664e-05,8.0,1.0,0.000774263682681127,2.0
0,no con,-0.609639666013116,9.89272810598293e-06,8.0,1.0,0.002154434690031882,0.0
1,unif,-0.5725533229666688,3.078631499156743e-05,8.0,1.0,0.002154434690031882,0.0
2,snapshot,-0.5904176796700696,1.6669364720148464e-05,8.0,1.0,0.002154434690031882,0.0
0,no con,-0.609639666013116,9.89272810598293e-06,8.0,1.0,0.002154434690031882,0.0
1,unif,-0.5725533229666688,3.078631499156743e-05,8.0,1.0,0.002154434690031882,0.0
2,snapshot,-0.5838207626259211,1.541980946459986e-05,8.0,1.0,0.002154434690031882,0.0
0,no con,-0.609639666013116,9.89272810598293e-06,8.0,1.0,0.002154434690031882,0.0
1,unif,-0.5725533229666688,3.078631499156743e-05,8.0,1.0,0.002154434690031882,0.0
2,snapshot,-0.5794991684132242,9.96579466193129e-06,8.0,1.0,0.002154434690031882,0.0
0,no con,-0.609639666013116,9.89272810598293e-06,8.0,1.0,0.002154434690031882,0.0
1,unif,-0.5725533229666688,3.078631499156743e-05,8.0,1.0,0.002154434690031882,0.0
2,snapshot,-0.583104955716314,1.1782030038153817e-05,8.0,1.0,0.002154434690031882,0.0
0,no con,-0.609639666013116,9.89272810598293e-06,8.0,1.0,0.002154434690031882,0.0
1,unif,-0.5725533229666688,3.078631499156743e-05,8.0,1.0,0.002154434690031882,0.0
2,snapshot,-0.580351632749645,1.5473230276527175e-05,8.0,1.0,0.002154434690031882,0.0
0,no con,-0.609639666013116,9.89272810598293e-06,8.0,1.0,0.002154434690031882,0.0
1,unif,-0.5725533229666688,3.078631499156743e-05,8.0,1.0,0.002154434690031882,0.0
2,snapshot,-0.5850663917246975,1.8915509677578036e-05,8.0,1.0,0.002154434690031882,0.0
0,no con,-0.609639666013116,9.89272810598293e-06,8.0,1.0,0.002154434690031882,0.0
1,unif,-0.5725533229666688,3.078631499156743e-05,8.0,1.0,0.002154434690031882,0.0
2,snapshot,-0.5980478939895882,9.723567546271083e-06,8.0,1.0,0.002154434690031882,0.0
0,no con,-0.609639666013116,9.89272810598293e-06,8.0,1.0,0.002154434690031882,0.0
1,unif,-0.5725533229666688,3.078631499156743e-05,8.0,1.0,0.002154434690031882,0.0
2,snapshot,-0.5850646203772565,7.529136483790996e-06,8.0,1.0,0.002154434690031882,0.0
0,no con,-0.609639666013116,9.89272810598293e-06,8.0,1.0,0.002154434690031882,0.0
1,unif,-0.5725533229666688,3.078631499156743e-05,8.0,1.0,0.002154434690031882,0.0
2,snapshot,-0.5876572645527686,1.6379425019121463e-05,8.0,1.0,0.002154434690031882,0.0
0,no con,-0.609639666013116,9.89272810598293e-06,8.0,1.0,0.002154434690031882,0.0
1,unif,-0.5725533229666688,3.078631499156743e-05,8.0,1.0,0.002154434690031882,0.0
2,snapshot,-0.5829488810763304,1.815068645214299e-05,8.0,1.0,0.002154434690031882,0.0
0,no con,-0.609639666013116,9.89272810598293e-06,8.0,1.0,0.002154434690031882,1.0
1,unif,-0.5725533229666688,3.078631499156743e-05,8.0,1.0,0.002154434690031882,1.0
2,snapshot,-0.5894151037793253,8.032338378884691e-06,8.0,1.0,0.002154434690031882,1.0
0,no con,-0.609639666013116,9.89272810598293e-06,8.0,1.0,0.002154434690031882,1.0
1,unif,-0.5725533229666688,3.078631499156743e-05,8.0,1.0,0.002154434690031882,1.0
2,snapshot,-0.583709627476168,1.4275991327177197e-05,8.0,1.0,0.002154434690031882,1.0
0,no con,-0.609639666013116,9.89272810598293e-06,8.0,1.0,0.002154434690031882,1.0
1,unif,-0.5725533229666688,3.078631499156743e-05,8.0,1.0,0.002154434690031882,1.0
2,snapshot,-0.5841008113041715,9.37540131269801e-06,8.0,1.0,0.002154434690031882,1.0
0,no con,-0.609639666013116,9.89272810598293e-06,8.0,1.0,0.002154434690031882,1.0
1,unif,-0.5725533229666688,3.078631499156743e-05,8.0,1.0,0.002154434690031882,1.0
2,snapshot,-0.5932007707389628,1.807488226873198e-05,8.0,1.0,0.002154434690031882,1.0
0,no con,-0.609639666013116,9.89272810598293e-06,8.0,1.0,0.002154434690031882,1.0
1,unif,-0.5725533229666688,3.078631499156743e-05,8.0,1.0,0.002154434690031882,1.0
2,snapshot,-0.5856307416672301,1.2768855409984485e-05,8.0,1.0,0.002154434690031882,1.0
0,no con,-0.609639666013116,9.89272810598293e-06,8.0,1.0,0.002154434690031882,1.0
1,unif,-0.5725533229666688,3.078631499156743e-05,8.0,1.0,0.002154434690031882,1.0
2,snapshot,-0.5824787843959164,2.031747548908504e-05,8.0,1.0,0.002154434690031882,1.0
0,no con,-0.609639666013116,9.89272810598293e-06,8.0,1.0,0.002154434690031882,1.0
1,unif,-0.5725533229666688,3.078631499156743e-05,8.0,1.0,0.002154434690031882,1.0
2,snapshot,-0.575586823068082,1.4819699888388457e-05,8.0,1.0,0.002154434690031882,1.0
0,no con,-0.609639666013116,9.89272810598293e-06,8.0,1.0,0.002154434690031882,1.0
1,unif,-0.5725533229666688,3.078631499156743e-05,8.0,1.0,0.002154434690031882,1.0
2,snapshot,-0.5894970455006423,1.9293019739884626e-05,8.0,1.0,0.002154434690031882,1.0
0,no con,-0.609639666013116,9.89272810598293e-06,8.0,1.0,0.002154434690031882,1.0
1,unif,-0.5725533229666688,3.078631499156743e-05,8.0,1.0,0.002154434690031882,1.0
2,snapshot,-0.5801343587316611,1.0721818125181172e-05,8.0,1.0,0.002154434690031882,1.0
0,no con,-0.609639666013116,9.89272810598293e-06,8.0,1.0,0.002154434690031882,1.0
1,unif,-0.5725533229666688,3.078631499156743e-05,8.0,1.0,0.002154434690031882,1.0
2,snapshot,-0.5909364884051113,8.141353315745364e-06,8.0,1.0,0.002154434690031882,1.0
0,no con,-0.609639666013116,9.89272810598293e-06,8.0,1.0,0.002154434690031882,2.0
1,unif,-0.5725533229666688,3.078631499156743e-05,8.0,1.0,0.002154434690031882,2.0
2,snapshot,-0.5742834020688258,1.6037928974174674e-05,8.0,1.0,0.002154434690031882,2.0
0,no con,-0.609639666013116,9.89272810598293e-06,8.0,1.0,0.002154434690031882,2.0
1,unif,-0.5725533229666688,3.078631499156743e-05,8.0,1.0,0.002154434690031882,2.0
2,snapshot,-0.5771813197214521,1.5024446750996018e-05,8.0,1.0,0.002154434690031882,2.0
0,no con,-0.609639666013116,9.89272810598293e-06,8.0,1.0,0.002154434690031882,2.0
1,unif,-0.5725533229666688,3.078631499156743e-05,8.0,1.0,0.002154434690031882,2.0
2,snapshot,-0.5828990196741263,2.2636201093428647e-05,8.0,1.0,0.002154434690031882,2.0
0,no con,-0.609639666013116,9.89272810598293e-06,8.0,1.0,0.002154434690031882,2.0
1,unif,-0.5725533229666688,3.078631499156743e-05,8.0,1.0,0.002154434690031882,2.0
2,snapshot,-0.583863599486174,1.4294899184316165e-05,8.0,1.0,0.002154434690031882,2.0
0,no con,-0.609639666013116,9.89272810598293e-06,8.0,1.0,0.002154434690031882,2.0
1,unif,-0.5725533229666688,3.078631499156743e-05,8.0,1.0,0.002154434690031882,2.0
2,snapshot,-0.5844639104861064,7.450160386571979e-06,8.0,1.0,0.002154434690031882,2.0
0,no con,-0.609639666013116,9.89272810598293e-06,8.0,1.0,0.002154434690031882,2.0
1,unif,-0.5725533229666688,3.078631499156743e-05,8.0,1.0,0.002154434690031882,2.0
2,snapshot,-0.586477628287472,2.2110829138798794e-05,8.0,1.0,0.002154434690031882,2.0
0,no con,-0.609639666013116,9.89272810598293e-06,8.0,1.0,0.002154434690031882,2.0
1,unif,-0.5725533229666688,3.078631499156743e-05,8.0,1.0,0.002154434690031882,2.0
2,snapshot,-0.5822596240957338,2.1475479570181472e-05,8.0,1.0,0.002154434690031882,2.0
0,no con,-0.609639666013116,9.89272810598293e-06,8.0,1.0,0.002154434690031882,2.0
1,unif,-0.5725533229666688,3.078631499156743e-05,8.0,1.0,0.002154434690031882,2.0
2,snapshot,-0.5783731187884524,1.2584339318422091e-05,8.0,1.0,0.002154434690031882,2.0
0,no con,-0.609639666013116,9.89272810598293e-06,8.0,1.0,0.002154434690031882,2.0
1,unif,-0.5725533229666688,3.078631499156743e-05,8.0,1.0,0.002154434690031882,2.0
2,snapshot,-0.5809711378541005,2.221082194403272e-05,8.0,1.0,0.002154434690031882,2.0
0,no con,-0.609639666013116,9.89272810598293e-06,8.0,1.0,0.002154434690031882,2.0
1,unif,-0.5725533229666688,3.078631499156743e-05,8.0,1.0,0.002154434690031882,2.0
2,snapshot,-0.58171828138733,1.1485449313315813e-05,8.0,1.0,0.002154434690031882,2.0
0,no con,-0.609639666013116,9.89272810598293e-06,8.0,1.0,0.005994842503189409,0.0
1,unif,-0.5725533229666688,3.078631499156743e-05,8.0,1.0,0.005994842503189409,0.0
2,snapshot,-0.573789446284903,1.761441560052672e-05,8.0,1.0,0.005994842503189409,0.0
0,no con,-0.609639666013116,9.89272810598293e-06,8.0,1.0,0.005994842503189409,0.0
1,unif,-0.5725533229666688,3.078631499156743e-05,8.0,1.0,0.005994842503189409,0.0
2,snapshot,-0.5824052058684334,2.66313181820085e-05,8.0,1.0,0.005994842503189409,0.0
0,no con,-0.609639666013116,9.89272810598293e-06,8.0,1.0,0.005994842503189409,0.0
1,unif,-0.5725533229666688,3.078631499156743e-05,8.0,1.0,0.005994842503189409,0.0
2,snapshot,-0.5851396254479074,9.032082717167035e-06,8.0,1.0,0.005994842503189409,0.0
0,no con,-0.609639666013116,9.89272810598293e-06,8.0,1.0,0.005994842503189409,0.0
1,unif,-0.5725533229666688,3.078631499156743e-05,8.0,1.0,0.005994842503189409,0.0
2,snapshot,-0.5824869380028396,2.3472347532535066e-05,8.0,1.0,0.005994842503189409,0.0
0,no con,-0.609639666013116,9.89272810598293e-06,8.0,1.0,0.005994842503189409,0.0
1,unif,-0.5725533229666688,3.078631499156743e-05,8.0,1.0,0.005994842503189409,0.0
2,snapshot,-0.5932775268744507,3.0336823906479414e-05,8.0,1.0,0.005994842503189409,0.0
0,no con,-0.609639666013116,9.89272810598293e-06,8.0,1.0,0.005994842503189409,0.0
1,unif,-0.5725533229666688,3.078631499156743e-05,8.0,1.0,0.005994842503189409,0.0
2,snapshot,-0.5771672300723413,7.432156340929389e-06,8.0,1.0,0.005994842503189409,0.0
0,no con,-0.609639666013116,9.89272810598293e-06,8.0,1.0,0.005994842503189409,0.0
1,unif,-0.5725533229666688,3.078631499156743e-05,8.0,1.0,0.005994842503189409,0.0
2,snapshot,-0.5789293759718748,1.003333171758857e-05,8.0,1.0,0.005994842503189409,0.0
0,no con,-0.609639666013116,9.89272810598293e-06,8.0,1.0,0.005994842503189409,0.0
1,unif,-0.5725533229666688,3.078631499156743e-05,8.0,1.0,0.005994842503189409,0.0
2,snapshot,-0.5909002433912516,9.004009456266808e-06,8.0,1.0,0.005994842503189409,0.0
0,no con,-0.609639666013116,9.89272810598293e-06,8.0,1.0,0.005994842503189409,0.0
1,unif,-0.5725533229666688,3.078631499156743e-05,8.0,1.0,0.005994842503189409,0.0
2,snapshot,-0.581503684673112,7.219428357090693e-06,8.0,1.0,0.005994842503189409,0.0
0,no con,-0.609639666013116,9.89272810598293e-06,8.0,1.0,0.005994842503189409,0.0
1,unif,-0.5725533229666688,3.078631499156743e-05,8.0,1.0,0.005994842503189409,0.0
2,snapshot,-0.5788533770536136,6.281142619530979e-06,8.0,1.0,0.005994842503189409,0.0
0,no con,-0.609639666013116,9.89272810598293e-06,8.0,1.0,0.005994842503189409,1.0
1,unif,-0.5725533229666688,3.078631499156743e-05,8.0,1.0,0.005994842503189409,1.0
2,snapshot,-0.5714080927591102,1.1097220871093849e-05,8.0,1.0,0.005994842503189409,1.0
0,no con,-0.609639666013116,9.89272810598293e-06,8.0,1.0,0.005994842503189409,1.0
1,unif,-0.5725533229666688,3.078631499156743e-05,8.0,1.0,0.005994842503189409,1.0
2,snapshot,-0.5779130214319518,1.0833154423764674e-05,8.0,1.0,0.005994842503189409,1.0
0,no con,-0.609639666013116,9.89272810598293e-06,8.0,1.0,0.005994842503189409,1.0
1,unif,-0.5725533229666688,3.078631499156743e-05,8.0,1.0,0.005994842503189409,1.0
2,snapshot,-0.583268771550267,1.636999736625797e-05,8.0,1.0,0.005994842503189409,1.0
0,no con,-0.609639666013116,9.89272810598293e-06,8.0,1.0,0.005994842503189409,1.0
1,unif,-0.5725533229666688,3.078631499156743e-05,8.0,1.0,0.005994842503189409,1.0
2,snapshot,-0.5834919410452302,1.0930647797769081e-05,8.0,1.0,0.005994842503189409,1.0
0,no con,-0.609639666013116,9.89272810598293e-06,8.0,1.0,0.005994842503189409,1.0
1,unif,-0.5725533229666688,3.078631499156743e-05,8.0,1.0,0.005994842503189409,1.0
2,snapshot,-0.5773097626935298,1.1611913888860908e-05,8.0,1.0,0.005994842503189409,1.0
0,no con,-0.609639666013116,9.89272810598293e-06,8.0,1.0,0.005994842503189409,1.0
1,unif,-0.5725533229666688,3.078631499156743e-05,8.0,1.0,0.005994842503189409,1.0
2,snapshot,-0.5828218376039483,9.58519396465021e-06,8.0,1.0,0.005994842503189409,1.0
0,no con,-0.609639666013116,9.89272810598293e-06,8.0,1.0,0.005994842503189409,1.0
1,unif,-0.5725533229666688,3.078631499156743e-05,8.0,1.0,0.005994842503189409,1.0
2,snapshot,-0.5790430261645594,1.3368494330428572e-05,8.0,1.0,0.005994842503189409,1.0
0,no con,-0.609639666013116,9.89272810598293e-06,8.0,1.0,0.005994842503189409,1.0
1,unif,-0.5725533229666688,3.078631499156743e-05,8.0,1.0,0.005994842503189409,1.0
2,snapshot,-0.5831989317828409,8.21893786588591e-06,8.0,1.0,0.005994842503189409,1.0
0,no con,-0.609639666013116,9.89272810598293e-06,8.0,1.0,0.005994842503189409,1.0
1,unif,-0.5725533229666688,3.078631499156743e-05,8.0,1.0,0.005994842503189409,1.0
2,snapshot,-0.5783046852815902,1.2911842305692424e-05,8.0,1.0,0.005994842503189409,1.0
0,no con,-0.609639666013116,9.89272810598293e-06,8.0,1.0,0.005994842503189409,1.0
1,unif,-0.5725533229666688,3.078631499156743e-05,8.0,1.0,0.005994842503189409,1.0
2,snapshot,-0.5823444189033872,2.0244023300374435e-05,8.0,1.0,0.005994842503189409,1.0
0,no con,-0.609639666013116,9.89272810598293e-06,8.0,1.0,0.005994842503189409,2.0
1,unif,-0.5725533229666688,3.078631499156743e-05,8.0,1.0,0.005994842503189409,2.0
2,snapshot,-0.5797133053884119,2.1198491964261463e-05,8.0,1.0,0.005994842503189409,2.0
0,no con,-0.609639666013116,9.89272810598293e-06,8.0,1.0,0.005994842503189409,2.0
1,unif,-0.5725533229666688,3.078631499156743e-05,8.0,1.0,0.005994842503189409,2.0
2,snapshot,-0.5851775201135826,8.84730619135251e-06,8.0,1.0,0.005994842503189409,2.0
0,no con,-0.609639666013116,9.89272810598293e-06,8.0,1.0,0.005994842503189409,2.0
1,unif,-0.5725533229666688,3.078631499156743e-05,8.0,1.0,0.005994842503189409,2.0
2,snapshot,-0.5846570211615171,2.406959914664513e-05,8.0,1.0,0.005994842503189409,2.0
0,no con,-0.609639666013116,9.89272810598293e-06,8.0,1.0,0.005994842503189409,2.0
1,unif,-0.5725533229666688,3.078631499156743e-05,8.0,1.0,0.005994842503189409,2.0
2,snapshot,-0.5782690960719357,9.856888929825747e-06,8.0,1.0,0.005994842503189409,2.0
0,no con,-0.609639666013116,9.89272810598293e-06,8.0,1.0,0.005994842503189409,2.0
1,unif,-0.5725533229666688,3.078631499156743e-05,8.0,1.0,0.005994842503189409,2.0
2,snapshot,-0.5771628287472111,1.8480338438754644e-05,8.0,1.0,0.005994842503189409,2.0
0,no con,-0.609639666013116,9.89272810598293e-06,8.0,1.0,0.005994842503189409,2.0
1,unif,-0.5725533229666688,3.078631499156743e-05,8.0,1.0,0.005994842503189409,2.0
2,snapshot,-0.5815338111013453,1.7100573892938944e-05,8.0,1.0,0.005994842503189409,2.0
0,no con,-0.609639666013116,9.89272810598293e-06,8.0,1.0,0.005994842503189409,2.0
1,unif,-0.5725533229666688,3.078631499156743e-05,8.0,1.0,0.005994842503189409,2.0
2,snapshot,-0.5874897099587586,1.1269597497762564e-05,8.0,1.0,0.005994842503189409,2.0
0,no con,-0.609639666013116,9.89272810598293e-06,8.0,1.0,0.005994842503189409,2.0
1,unif,-0.5725533229666688,3.078631499156743e-05,8.0,1.0,0.005994842503189409,2.0
2,snapshot,-0.584315860996552,7.697150451819019e-06,8.0,1.0,0.005994842503189409,2.0
0,no con,-0.609639666013116,9.89272810598293e-06,8.0,1.0,0.005994842503189409,2.0
1,unif,-0.5725533229666688,3.078631499156743e-05,8.0,1.0,0.005994842503189409,2.0
2,snapshot,-0.5843313433844906,1.8255455020997762e-05,8.0,1.0,0.005994842503189409,2.0
0,no con,-0.609639666013116,9.89272810598293e-06,8.0,1.0,0.005994842503189409,2.0
1,unif,-0.5725533229666688,3.078631499156743e-05,8.0,1.0,0.005994842503189409,2.0
2,snapshot,-0.5870561152051924,1.643421267187084e-05,8.0,1.0,0.005994842503189409,2.0
0,no con,-0.609639666013116,9.89272810598293e-06,8.0,1.0,0.016681005372000592,0.0
1,unif,-0.5725533229666688,3.078631499156743e-05,8.0,1.0,0.016681005372000592,0.0
2,snapshot,-0.5844091204110607,1.0870431646053515e-05,8.0,1.0,0.016681005372000592,0.0
0,no con,-0.609639666013116,9.89272810598293e-06,8.0,1.0,0.016681005372000592,0.0
1,unif,-0.5725533229666688,3.078631499156743e-05,8.0,1.0,0.016681005372000592,0.0
2,snapshot,-0.5797881279156244,9.611986782685349e-06,8.0,1.0,0.016681005372000592,0.0
0,no con,-0.609639666013116,9.89272810598293e-06,8.0,1.0,0.016681005372000592,0.0
1,unif,-0.5725533229666688,3.078631499156743e-05,8.0,1.0,0.016681005372000592,0.0
2,snapshot,-0.585572814549388,1.1997192961879699e-05,8.0,1.0,0.016681005372000592,0.0
0,no con,-0.609639666013116,9.89272810598293e-06,8.0,1.0,0.016681005372000592,0.0
1,unif,-0.5725533229666688,3.078631499156743e-05,8.0,1.0,0.016681005372000592,0.0
2,snapshot,-0.5894641335947536,1.58776890297698e-05,8.0,1.0,0.016681005372000592,0.0
0,no con,-0.609639666013116,9.89272810598293e-06,8.0,1.0,0.016681005372000592,0.0
1,unif,-0.5725533229666688,3.078631499156743e-05,8.0,1.0,0.016681005372000592,0.0
2,snapshot,-0.5838148401054696,9.357376253533924e-06,8.0,1.0,0.016681005372000592,0.0
0,no con,-0.609639666013116,9.89272810598293e-06,8.0,1.0,0.016681005372000592,0.0
1,unif,-0.5725533229666688,3.078631499156743e-05,8.0,1.0,0.016681005372000592,0.0
2,snapshot,-0.5779914677844635,1.0386243629705052e-05,8.0,1.0,0.016681005372000592,0.0
0,no con,-0.609639666013116,9.89272810598293e-06,8.0,1.0,0.016681005372000592,0.0
1,unif,-0.5725533229666688,3.078631499156743e-05,8.0,1.0,0.016681005372000592,0.0
2,snapshot,-0.5849877155026705,8.909791142218612e-06,8.0,1.0,0.016681005372000592,0.0
0,no con,-0.609639666013116,9.89272810598293e-06,8.0,1.0,0.016681005372000592,0.0
1,unif,-0.5725533229666688,3.078631499156743e-05,8.0,1.0,0.016681005372000592,0.0
2,snapshot,-0.576087181394091,1.6301218562183053e-05,8.0,1.0,0.016681005372000592,0.0
0,no con,-0.609639666013116,9.89272810598293e-06,8.0,1.0,0.016681005372000592,0.0
1,unif,-0.5725533229666688,3.078631499156743e-05,8.0,1.0,0.016681005372000592,0.0
2,snapshot,-0.5961654249205598,1.6205459785673048e-05,8.0,1.0,0.016681005372000592,0.0
0,no con,-0.609639666013116,9.89272810598293e-06,8.0,1.0,0.016681005372000592,0.0
1,unif,-0.5725533229666688,3.078631499156743e-05,8.0,1.0,0.016681005372000592,0.0
2,snapshot,-0.5896690825501995,2.297804980738907e-05,8.0,1.0,0.016681005372000592,0.0
0,no con,-0.609639666013116,9.89272810598293e-06,8.0,1.0,0.016681005372000592,1.0
1,unif,-0.5725533229666688,3.078631499156743e-05,8.0,1.0,0.016681005372000592,1.0
2,snapshot,-0.580837468730985,1.269395725198893e-05,8.0,1.0,0.016681005372000592,1.0
0,no con,-0.609639666013116,9.89272810598293e-06,8.0,1.0,0.016681005372000592,1.0
1,unif,-0.5725533229666688,3.078631499156743e-05,8.0,1.0,0.016681005372000592,1.0
2,snapshot,-0.5723290244067338,3.482073881414904e-05,8.0,1.0,0.016681005372000592,1.0
0,no con,-0.609639666013116,9.89272810598293e-06,8.0,1.0,0.016681005372000592,1.0
1,unif,-0.5725533229666688,3.078631499156743e-05,8.0,1.0,0.016681005372000592,1.0
2,snapshot,-0.573227124602799,1.4671588587827837e-05,8.0,1.0,0.016681005372000592,1.0
0,no con,-0.609639666013116,9.89272810598293e-06,8.0,1.0,0.016681005372000592,1.0
1,unif,-0.5725533229666688,3.078631499156743e-05,8.0,1.0,0.016681005372000592,1.0
2,snapshot,-0.5687210060171727,9.737205798304586e-06,8.0,1.0,0.016681005372000592,1.0
0,no con,-0.609639666013116,9.89272810598293e-06,8.0,1.0,0.016681005372000592,1.0
1,unif,-0.5725533229666688,3.078631499156743e-05,8.0,1.0,0.016681005372000592,1.0
2,snapshot,-0.586843621120952,1.4907234306950262e-05,8.0,1.0,0.016681005372000592,1.0
0,no con,-0.609639666013116,9.89272810598293e-06,8.0,1.0,0.016681005372000592,1.0
1,unif,-0.5725533229666688,3.078631499156743e-05,8.0,1.0,0.016681005372000592,1.0
2,snapshot,-0.5795559394226218,3.4243276538599e-05,8.0,1.0,0.016681005372000592,1.0
0,no con,-0.609639666013116,9.89272810598293e-06,8.0,1.0,0.016681005372000592,1.0
1,unif,-0.5725533229666688,3.078631499156743e-05,8.0,1.0,0.016681005372000592,1.0
2,snapshot,-0.5713901020891082,1.7607323767363332e-05,8.0,1.0,0.016681005372000592,1.0
0,no con,-0.609639666013116,9.89272810598293e-06,8.0,1.0,0.016681005372000592,1.0
1,unif,-0.5725533229666688,3.078631499156743e-05,8.0,1.0,0.016681005372000592,1.0
2,snapshot,-0.5762360759921574,2.2940972572311197e-05,8.0,1.0,0.016681005372000592,1.0
0,no con,-0.609639666013116,9.89272810598293e-06,8.0,1.0,0.016681005372000592,1.0
1,unif,-0.5725533229666688,3.078631499156743e-05,8.0,1.0,0.016681005372000592,1.0
2,snapshot,-0.5755171388006219,1.2730400078614608e-05,8.0,1.0,0.016681005372000592,1.0
0,no con,-0.609639666013116,9.89272810598293e-06,8.0,1.0,0.016681005372000592,1.0
1,unif,-0.5725533229666688,3.078631499156743e-05,8.0,1.0,0.016681005372000592,1.0
2,snapshot,-0.5825121628017038,2.1401836181944396e-05,8.0,1.0,0.016681005372000592,1.0
0,no con,-0.609639666013116,9.89272810598293e-06,8.0,1.0,0.016681005372000592,2.0
1,unif,-0.5725533229666688,3.078631499156743e-05,8.0,1.0,0.016681005372000592,2.0
2,snapshot,-0.5861356027313908,7.872262404277608e-06,8.0,1.0,0.016681005372000592,2.0
0,no con,-0.609639666013116,9.89272810598293e-06,8.0,1.0,0.016681005372000592,2.0
1,unif,-0.5725533229666688,3.078631499156743e-05,8.0,1.0,0.016681005372000592,2.0
2,snapshot,-0.583207159759313,1.725162219649736e-05,8.0,1.0,0.016681005372000592,2.0
0,no con,-0.609639666013116,9.89272810598293e-06,8.0,1.0,0.016681005372000592,2.0
1,unif,-0.5725533229666688,3.078631499156743e-05,8.0,1.0,0.016681005372000592,2.0
2,snapshot,-0.5926258265161246,1.0454556042192376e-05,8.0,1.0,0.016681005372000592,2.0
0,no con,-0.609639666013116,9.89272810598293e-06,8.0,1.0,0.016681005372000592,2.0
1,unif,-0.5725533229666688,3.078631499156743e-05,8.0,1.0,0.016681005372000592,2.0
2,snapshot,-0.5740640524643364,1.847707702793272e-05,8.0,1.0,0.016681005372000592,2.0
0,no con,-0.609639666013116,9.89272810598293e-06,8.0,1.0,0.016681005372000592,2.0
1,unif,-0.5725533229666688,3.078631499156743e-05,8.0,1.0,0.016681005372000592,2.0
2,snapshot,-0.5771972010006085,1.8509917329564924e-05,8.0,1.0,0.016681005372000592,2.0
0,no con,-0.609639666013116,9.89272810598293e-06,8.0,1.0,0.016681005372000592,2.0
1,unif,-0.5725533229666688,3.078631499156743e-05,8.0,1.0,0.016681005372000592,2.0
2,snapshot,-0.588658576161179,1.3187309265531284e-05,8.0,1.0,0.016681005372000592,2.0
0,no con,-0.609639666013116,9.89272810598293e-06,8.0,1.0,0.016681005372000592,2.0
1,unif,-0.5725533229666688,3.078631499156743e-05,8.0,1.0,0.016681005372000592,2.0
2,snapshot,-0.5882438780339395,7.528441059126927e-06,8.0,1.0,0.016681005372000592,2.0
0,no con,-0.609639666013116,9.89272810598293e-06,8.0,1.0,0.016681005372000592,2.0
1,unif,-0.5725533229666688,3.078631499156743e-05,8.0,1.0,0.016681005372000592,2.0
2,snapshot,-0.5772962612399433,2.332806293996884e-05,8.0,1.0,0.016681005372000592,2.0
0,no con,-0.609639666013116,9.89272810598293e-06,8.0,1.0,0.016681005372000592,2.0
1,unif,-0.5725533229666688,3.078631499156743e-05,8.0,1.0,0.016681005372000592,2.0
2,snapshot,-0.5860669663984857,1.6561247445632733e-05,8.0,1.0,0.016681005372000592,2.0
0,no con,-0.609639666013116,9.89272810598293e-06,8.0,1.0,0.016681005372000592,2.0
1,unif,-0.5725533229666688,3.078631499156743e-05,8.0,1.0,0.016681005372000592,2.0
2,snapshot,-0.583420755865053,5.518499744980888e-06,8.0,1.0,0.016681005372000592,2.0
0,no con,-0.609639666013116,9.89272810598293e-06,8.0,1.0,0.046415888336127774,0.0
1,unif,-0.5725533229666688,3.078631499156743e-05,8.0,1.0,0.046415888336127774,0.0
2,snapshot,-0.5797863768507876,8.431723650570181e-06,8.0,1.0,0.046415888336127774,0.0
0,no con,-0.609639666013116,9.89272810598293e-06,8.0,1.0,0.046415888336127774,0.0
1,unif,-0.5725533229666688,3.078631499156743e-05,8.0,1.0,0.046415888336127774,0.0
2,snapshot,-0.5878546345750794,8.198651184588868e-06,8.0,1.0,0.046415888336127774,0.0
0,no con,-0.609639666013116,9.89272810598293e-06,8.0,1.0,0.046415888336127774,0.0
1,unif,-0.5725533229666688,3.078631499156743e-05,8.0,1.0,0.046415888336127774,0.0
2,snapshot,-0.5741839835034819,1.570967120738191e-05,8.0,1.0,0.046415888336127774,0.0
0,no con,-0.609639666013116,9.89272810598293e-06,8.0,1.0,0.046415888336127774,0.0
1,unif,-0.5725533229666688,3.078631499156743e-05,8.0,1.0,0.046415888336127774,0.0
2,snapshot,-0.5851306267324724,1.0891454853437126e-05,8.0,1.0,0.046415888336127774,0.0
0,no con,-0.609639666013116,9.89272810598293e-06,8.0,1.0,0.046415888336127774,0.0
1,unif,-0.5725533229666688,3.078631499156743e-05,8.0,1.0,0.046415888336127774,0.0
2,snapshot,-0.5796416401865999,1.5766735270037314e-05,8.0,1.0,0.046415888336127774,0.0
0,no con,-0.609639666013116,9.89272810598293e-06,8.0,1.0,0.046415888336127774,0.0
1,unif,-0.5725533229666688,3.078631499156743e-05,8.0,1.0,0.046415888336127774,0.0
2,snapshot,-0.5826084240416469,9.659185455723827e-06,8.0,1.0,0.046415888336127774,0.0
0,no con,-0.609639666013116,9.89272810598293e-06,8.0,1.0,0.046415888336127774,0.0
1,unif,-0.5725533229666688,3.078631499156743e-05,8.0,1.0,0.046415888336127774,0.0
2,snapshot,-0.5879154823879386,1.3150959782452947e-05,8.0,1.0,0.046415888336127774,0.0
0,no con,-0.609639666013116,9.89272810598293e-06,8.0,1.0,0.046415888336127774,0.0
1,unif,-0.5725533229666688,3.078631499156743e-05,8.0,1.0,0.046415888336127774,0.0
2,snapshot,-0.5814393752957879,1.9729696916076305e-05,8.0,1.0,0.046415888336127774,0.0
0,no con,-0.609639666013116,9.89272810598293e-06,8.0,1.0,0.046415888336127774,0.0
1,unif,-0.5725533229666688,3.078631499156743e-05,8.0,1.0,0.046415888336127774,0.0
2,snapshot,-0.5827840713947672,7.66188567754674e-06,8.0,1.0,0.046415888336127774,0.0
0,no con,-0.609639666013116,9.89272810598293e-06,8.0,1.0,0.046415888336127774,0.0
1,unif,-0.5725533229666688,3.078631499156743e-05,8.0,1.0,0.046415888336127774,0.0
2,snapshot,-0.5771041984990873,1.1554786934800036e-05,8.0,1.0,0.046415888336127774,0.0
0,no con,-0.609639666013116,9.89272810598293e-06,8.0,1.0,0.046415888336127774,1.0
1,unif,-0.5725533229666688,3.078631499156743e-05,8.0,1.0,0.046415888336127774,1.0
2,snapshot,-0.5900760056791292,9.451142752542534e-06,8.0,1.0,0.046415888336127774,1.0
0,no con,-0.609639666013116,9.89272810598293e-06,8.0,1.0,0.046415888336127774,1.0
1,unif,-0.5725533229666688,3.078631499156743e-05,8.0,1.0,0.046415888336127774,1.0
2,snapshot,-0.5895273139071056,1.2142026918139713e-05,8.0,1.0,0.046415888336127774,1.0
0,no con,-0.609639666013116,9.89272810598293e-06,8.0,1.0,0.046415888336127774,1.0
1,unif,-0.5725533229666688,3.078631499156743e-05,8.0,1.0,0.046415888336127774,1.0
2,snapshot,-0.5797731323101886,1.2054369475894143e-05,8.0,1.0,0.046415888336127774,1.0
0,no con,-0.609639666013116,9.89272810598293e-06,8.0,1.0,0.046415888336127774,1.0
1,unif,-0.5725533229666688,3.078631499156743e-05,8.0,1.0,0.046415888336127774,1.0
2,snapshot,-0.5862277330809277,1.400409265002716e-05,8.0,1.0,0.046415888336127774,1.0
0,no con,-0.609639666013116,9.89272810598293e-06,8.0,1.0,0.046415888336127774,1.0
1,unif,-0.5725533229666688,3.078631499156743e-05,8.0,1.0,0.046415888336127774,1.0
2,snapshot,-0.5844061321073627,1.2939265407573737e-05,8.0,1.0,0.046415888336127774,1.0
0,no con,-0.609639666013116,9.89272810598293e-06,8.0,1.0,0.046415888336127774,1.0
1,unif,-0.5725533229666688,3.078631499156743e-05,8.0,1.0,0.046415888336127774,1.0
2,snapshot,-0.5802129335406666,2.0607585512910977e-05,8.0,1.0,0.046415888336127774,1.0
0,no con,-0.609639666013116,9.89272810598293e-06,8.0,1.0,0.046415888336127774,1.0
1,unif,-0.5725533229666688,3.078631499156743e-05,8.0,1.0,0.046415888336127774,1.0
2,snapshot,-0.5759585288351025,9.647144113822305e-06,8.0,1.0,0.046415888336127774,1.0
0,no con,-0.609639666013116,9.89272810598293e-06,8.0,1.0,0.046415888336127774,1.0
1,unif,-0.5725533229666688,3.078631499156743e-05,8.0,1.0,0.046415888336127774,1.0
2,snapshot,-0.583957717530931,1.567184429586685e-05,8.0,1.0,0.046415888336127774,1.0
0,no con,-0.609639666013116,9.89272810598293e-06,8.0,1.0,0.046415888336127774,1.0
1,unif,-0.5725533229666688,3.078631499156743e-05,8.0,1.0,0.046415888336127774,1.0
2,snapshot,-0.5906661888986546,7.842494930164681e-06,8.0,1.0,0.046415888336127774,1.0
0,no con,-0.609639666013116,9.89272810598293e-06,8.0,1.0,0.046415888336127774,1.0
1,unif,-0.5725533229666688,3.078631499156743e-05,8.0,1.0,0.046415888336127774,1.0
2,snapshot,-0.5755115678453113,2.3049873547133946e-05,8.0,1.0,0.046415888336127774,1.0
0,no con,-0.609639666013116,9.89272810598293e-06,8.0,1.0,0.046415888336127774,2.0
1,unif,-0.5725533229666688,3.078631499156743e-05,8.0,1.0,0.046415888336127774,2.0
2,snapshot,-0.5818116692583327,1.0609725624753468e-05,8.0,1.0,0.046415888336127774,2.0
0,no con,-0.609639666013116,9.89272810598293e-06,8.0,1.0,0.046415888336127774,2.0
1,unif,-0.5725533229666688,3.078631499156743e-05,8.0,1.0,0.046415888336127774,2.0
2,snapshot,-0.5848948008924346,1.2895269737865329e-05,8.0,1.0,0.046415888336127774,2.0
0,no con,-0.609639666013116,9.89272810598293e-06,8.0,1.0,0.046415888336127774,2.0
1,unif,-0.5725533229666688,3.078631499156743e-05,8.0,1.0,0.046415888336127774,2.0
2,snapshot,-0.5789899871543507,6.732993205606062e-06,8.0,1.0,0.046415888336127774,2.0
0,no con,-0.609639666013116,9.89272810598293e-06,8.0,1.0,0.046415888336127774,2.0
1,unif,-0.5725533229666688,3.078631499156743e-05,8.0,1.0,0.046415888336127774,2.0
2,snapshot,-0.5762452707727672,6.950623904716277e-06,8.0,1.0,0.046415888336127774,2.0
0,no con,-0.609639666013116,9.89272810598293e-06,8.0,1.0,0.046415888336127774,2.0
1,unif,-0.5725533229666688,3.078631499156743e-05,8.0,1.0,0.046415888336127774,2.0
2,snapshot,-0.5791903049151511,1.9277140310943516e-05,8.0,1.0,0.046415888336127774,2.0
0,no con,-0.609639666013116,9.89272810598293e-06,8.0,1.0,0.046415888336127774,2.0
1,unif,-0.5725533229666688,3.078631499156743e-05,8.0,1.0,0.046415888336127774,2.0
2,snapshot,-0.588494902305456,1.1816213792566024e-05,8.0,1.0,0.046415888336127774,2.0
0,no con,-0.609639666013116,9.89272810598293e-06,8.0,1.0,0.046415888336127774,2.0
1,unif,-0.5725533229666688,3.078631499156743e-05,8.0,1.0,0.046415888336127774,2.0
2,snapshot,-0.5902799945913055,1.4464512640140943e-05,8.0,1.0,0.046415888336127774,2.0
0,no con,-0.609639666013116,9.89272810598293e-06,8.0,1.0,0.046415888336127774,2.0
1,unif,-0.5725533229666688,3.078631499156743e-05,8.0,1.0,0.046415888336127774,2.0
2,snapshot,-0.5869393685349199,1.3531321203706385e-05,8.0,1.0,0.046415888336127774,2.0
0,no con,-0.609639666013116,9.89272810598293e-06,8.0,1.0,0.046415888336127774,2.0
1,unif,-0.5725533229666688,3.078631499156743e-05,8.0,1.0,0.046415888336127774,2.0
2,snapshot,-0.581857298357109,9.499216708775831e-06,8.0,1.0,0.046415888336127774,2.0
0,no con,-0.609639666013116,9.89272810598293e-06,8.0,1.0,0.046415888336127774,2.0
1,unif,-0.5725533229666688,3.078631499156743e-05,8.0,1.0,0.046415888336127774,2.0
2,snapshot,-0.5760050233249949,1.1093723655009633e-05,8.0,1.0,0.046415888336127774,2.0
0,no con,-0.609639666013116,9.89272810598293e-06,8.0,1.0,0.12915496650148828,0.0
1,unif,-0.5725533229666688,3.078631499156743e-05,8.0,1.0,0.12915496650148828,0.0
2,snapshot,-0.571135122709756,8.172945559373163e-06,8.0,1.0,0.12915496650148828,0.0
0,no con,-0.609639666013116,9.89272810598293e-06,8.0,1.0,0.12915496650148828,0.0
1,unif,-0.5725533229666688,3.078631499156743e-05,8.0,1.0,0.12915496650148828,0.0
2,snapshot,-0.5810498749239403,1.4798530497226336e-05,8.0,1.0,0.12915496650148828,0.0
0,no con,-0.609639666013116,9.89272810598293e-06,8.0,1.0,0.12915496650148828,0.0
1,unif,-0.5725533229666688,3.078631499156743e-05,8.0,1.0,0.12915496650148828,0.0
2,snapshot,-0.5785095395848826,7.885264126783878e-06,8.0,1.0,0.12915496650148828,0.0
0,no con,-0.609639666013116,9.89272810598293e-06,8.0,1.0,0.12915496650148828,0.0
1,unif,-0.5725533229666688,3.078631499156743e-05,8.0,1.0,0.12915496650148828,0.0
2,snapshot,-0.5737919140017579,1.4581422963535239e-05,8.0,1.0,0.12915496650148828,0.0
0,no con,-0.609639666013116,9.89272810598293e-06,8.0,1.0,0.12915496650148828,0.0
1,unif,-0.5725533229666688,3.078631499156743e-05,8.0,1.0,0.12915496650148828,0.0
2,snapshot,-0.5720614630518558,7.85337035978362e-06,8.0,1.0,0.12915496650148828,0.0
0,no con,-0.609639666013116,9.89272810598293e-06,8.0,1.0,0.12915496650148828,0.0
1,unif,-0.5725533229666688,3.078631499156743e-05,8.0,1.0,0.12915496650148828,0.0
2,snapshot,-0.5795072746940707,1.7485121490399453e-05,8.0,1.0,0.12915496650148828,0.0
0,no con,-0.609639666013116,9.89272810598293e-06,8.0,1.0,0.12915496650148828,0.0
1,unif,-0.5725533229666688,3.078631499156743e-05,8.0,1.0,0.12915496650148828,0.0
2,snapshot,-0.5805758434182949,1.4864642265816875e-05,8.0,1.0,0.12915496650148828,0.0
0,no con,-0.609639666013116,9.89272810598293e-06,8.0,1.0,0.12915496650148828,0.0
1,unif,-0.5725533229666688,3.078631499156743e-05,8.0,1.0,0.12915496650148828,0.0
2,snapshot,-0.5936296328848625,8.105764132969607e-06,8.0,1.0,0.12915496650148828,0.0
0,no con,-0.609639666013116,9.89272810598293e-06,8.0,1.0,0.12915496650148828,0.0
1,unif,-0.5725533229666688,3.078631499156743e-05,8.0,1.0,0.12915496650148828,0.0
2,snapshot,-0.5833079440200121,7.877435403827233e-06,8.0,1.0,0.12915496650148828,0.0
0,no con,-0.609639666013116,9.89272810598293e-06,8.0,1.0,0.12915496650148828,0.0
1,unif,-0.5725533229666688,3.078631499156743e-05,8.0,1.0,0.12915496650148828,0.0
2,snapshot,-0.5866718950713271,1.0317447835887983e-05,8.0,1.0,0.12915496650148828,0.0
0,no con,-0.609639666013116,9.89272810598293e-06,8.0,1.0,0.12915496650148828,1.0
1,unif,-0.5725533229666688,3.078631499156743e-05,8.0,1.0,0.12915496650148828,1.0
2,snapshot,-0.5785846122642146,9.94138231149711e-06,8.0,1.0,0.12915496650148828,1.0
0,no con,-0.609639666013116,9.89272810598293e-06,8.0,1.0,0.12915496650148828,1.0
1,unif,-0.5725533229666688,3.078631499156743e-05,8.0,1.0,0.12915496650148828,1.0
2,snapshot,-0.5795919816104387,1.2072333354568822e-05,8.0,1.0,0.12915496650148828,1.0
0,no con,-0.609639666013116,9.89272810598293e-06,8.0,1.0,0.12915496650148828,1.0
1,unif,-0.5725533229666688,3.078631499156743e-05,8.0,1.0,0.12915496650148828,1.0
2,snapshot,-0.5674826042863902,1.4837080197377217e-05,8.0,1.0,0.12915496650148828,1.0
0,no con,-0.609639666013116,9.89272810598293e-06,8.0,1.0,0.12915496650148828,1.0
1,unif,-0.5725533229666688,3.078631499156743e-05,8.0,1.0,0.12915496650148828,1.0
2,snapshot,-0.5808896017848693,9.870385401894943e-06,8.0,1.0,0.12915496650148828,1.0
0,no con,-0.609639666013116,9.89272810598293e-06,8.0,1.0,0.12915496650148828,1.0
1,unif,-0.5725533229666688,3.078631499156743e-05,8.0,1.0,0.12915496650148828,1.0
2,snapshot,-0.5789028057602597,1.789458123913678e-05,8.0,1.0,0.12915496650148828,1.0
0,no con,-0.609639666013116,9.89272810598293e-06,8.0,1.0,0.12915496650148828,1.0
1,unif,-0.5725533229666688,3.078631499156743e-05,8.0,1.0,0.12915496650148828,1.0
2,snapshot,-0.5882843080251505,9.936675498054783e-06,8.0,1.0,0.12915496650148828,1.0
0,no con,-0.609639666013116,9.89272810598293e-06,8.0,1.0,0.12915496650148828,1.0
1,unif,-0.5725533229666688,3.078631499156743e-05,8.0,1.0,0.12915496650148828,1.0
2,snapshot,-0.5825866540463795,1.171457481871021e-05,8.0,1.0,0.12915496650148828,1.0
0,no con,-0.609639666013116,9.89272810598293e-06,8.0,1.0,0.12915496650148828,1.0
1,unif,-0.5725533229666688,3.078631499156743e-05,8.0,1.0,0.12915496650148828,1.0
2,snapshot,-0.5698926712189846,1.0626742695686099e-05,8.0,1.0,0.12915496650148828,1.0
0,no con,-0.609639666013116,9.89272810598293e-06,8.0,1.0,0.12915496650148828,1.0
1,unif,-0.5725533229666688,3.078631499156743e-05,8.0,1.0,0.12915496650148828,1.0
2,snapshot,-0.5827522479886418,1.1247478672158826e-05,8.0,1.0,0.12915496650148828,1.0
0,no con,-0.609639666013116,9.89272810598293e-06,8.0,1.0,0.12915496650148828,1.0
1,unif,-0.5725533229666688,3.078631499156743e-05,8.0,1.0,0.12915496650148828,1.0
2,snapshot,-0.5896450273815159,1.369375364905159e-05,8.0,1.0,0.12915496650148828,1.0
0,no con,-0.609639666013116,9.89272810598293e-06,8.0,1.0,0.12915496650148828,2.0
1,unif,-0.5725533229666688,3.078631499156743e-05,8.0,1.0,0.12915496650148828,2.0
2,snapshot,-0.5753901764586573,1.113042328214275e-05,8.0,1.0,0.12915496650148828,2.0
0,no con,-0.609639666013116,9.89272810598293e-06,8.0,1.0,0.12915496650148828,2.0
1,unif,-0.5725533229666688,3.078631499156743e-05,8.0,1.0,0.12915496650148828,2.0
2,snapshot,-0.5856692042458252,9.650244185520617e-06,8.0,1.0,0.12915496650148828,2.0
0,no con,-0.609639666013116,9.89272810598293e-06,8.0,1.0,0.12915496650148828,2.0
1,unif,-0.5725533229666688,3.078631499156743e-05,8.0,1.0,0.12915496650148828,2.0
2,snapshot,-0.5862020147386925,1.2869326843668299e-05,8.0,1.0,0.12915496650148828,2.0
0,no con,-0.609639666013116,9.89272810598293e-06,8.0,1.0,0.12915496650148828,2.0
1,unif,-0.5725533229666688,3.078631499156743e-05,8.0,1.0,0.12915496650148828,2.0
2,snapshot,-0.5805088905415456,2.2655783425484366e-05,8.0,1.0,0.12915496650148828,2.0
0,no con,-0.609639666013116,9.89272810598293e-06,8.0,1.0,0.12915496650148828,2.0
1,unif,-0.5725533229666688,3.078631499156743e-05,8.0,1.0,0.12915496650148828,2.0
2,snapshot,-0.5948154012575214,2.7393926934017793e-05,8.0,1.0,0.12915496650148828,2.0
0,no con,-0.609639666013116,9.89272810598293e-06,8.0,1.0,0.12915496650148828,2.0
1,unif,-0.5725533229666688,3.078631499156743e-05,8.0,1.0,0.12915496650148828,2.0
2,snapshot,-0.5776155026705428,1.4126661024013645e-05,8.0,1.0,0.12915496650148828,2.0
0,no con,-0.609639666013116,9.89272810598293e-06,8.0,1.0,0.12915496650148828,2.0
1,unif,-0.5725533229666688,3.078631499156743e-05,8.0,1.0,0.12915496650148828,2.0
2,snapshot,-0.579581874112636,2.021938539213572e-05,8.0,1.0,0.12915496650148828,2.0
0,no con,-0.609639666013116,9.89272810598293e-06,8.0,1.0,0.12915496650148828,2.0
1,unif,-0.5725533229666688,3.078631499156743e-05,8.0,1.0,0.12915496650148828,2.0
2,snapshot,-0.5877719356365358,2.744791329098775e-05,8.0,1.0,0.12915496650148828,2.0
0,no con,-0.609639666013116,9.89272810598293e-06,8.0,1.0,0.12915496650148828,2.0
1,unif,-0.5725533229666688,3.078631499156743e-05,8.0,1.0,0.12915496650148828,2.0
2,snapshot,-0.5876704144412143,2.1456064995544837e-05,8.0,1.0,0.12915496650148828,2.0
0,no con,-0.609639666013116,9.89272810598293e-06,8.0,1.0,0.12915496650148828,2.0
1,unif,-0.5725533229666688,3.078631499156743e-05,8.0,1.0,0.12915496650148828,2.0
2,snapshot,-0.5878936109796498,1.5209303084270536e-05,8.0,1.0,0.12915496650148828,2.0
0,no con,-0.609639666013116,9.89272810598293e-06,8.0,1.0,0.3593813663804626,0.0
1,unif,-0.5725533229666688,3.078631499156743e-05,8.0,1.0,0.3593813663804626,0.0
2,snapshot,-0.5834749645054425,1.0995975657863459e-05,8.0,1.0,0.3593813663804626,0.0
0,no con,-0.609639666013116,9.89272810598293e-06,8.0,1.0,0.3593813663804626,0.0
1,unif,-0.5725533229666688,3.078631499156743e-05,8.0,1.0,0.3593813663804626,0.0
2,snapshot,-0.5786475897505239,2.3107992103948027e-05,8.0,1.0,0.3593813663804626,0.0
0,no con,-0.609639666013116,9.89272810598293e-06,8.0,1.0,0.3593813663804626,0.0
1,unif,-0.5725533229666688,3.078631499156743e-05,8.0,1.0,0.3593813663804626,0.0
2,snapshot,-0.5962739233317558,1.6018823471286163e-05,8.0,1.0,0.3593813663804626,0.0
0,no con,-0.609639666013116,9.89272810598293e-06,8.0,1.0,0.3593813663804626,0.0
1,unif,-0.5725533229666688,3.078631499156743e-05,8.0,1.0,0.3593813663804626,0.0
2,snapshot,-0.5771486106416065,1.118904558039237e-05,8.0,1.0,0.3593813663804626,0.0
0,no con,-0.609639666013116,9.89272810598293e-06,8.0,1.0,0.3593813663804626,0.0
1,unif,-0.5725533229666688,3.078631499156743e-05,8.0,1.0,0.3593813663804626,0.0
2,snapshot,-0.5807146440402948,1.0516094773361085e-05,8.0,1.0,0.3593813663804626,0.0
0,no con,-0.609639666013116,9.89272810598293e-06,8.0,1.0,0.3593813663804626,0.0
1,unif,-0.5725533229666688,3.078631499156743e-05,8.0,1.0,0.3593813663804626,0.0
2,snapshot,-0.5862213643431816,1.2636878452305903e-05,8.0,1.0,0.3593813663804626,0.0
0,no con,-0.609639666013116,9.89272810598293e-06,8.0,1.0,0.3593813663804626,0.0
1,unif,-0.5725533229666688,3.078631499156743e-05,8.0,1.0,0.3593813663804626,0.0
2,snapshot,-0.5806044013251301,2.3046931018203296e-05,8.0,1.0,0.3593813663804626,0.0
0,no con,-0.609639666013116,9.89272810598293e-06,8.0,1.0,0.3593813663804626,0.0
1,unif,-0.5725533229666688,3.078631499156743e-05,8.0,1.0,0.3593813663804626,0.0
2,snapshot,-0.5808081130417145,1.1189156915775237e-05,8.0,1.0,0.3593813663804626,0.0
0,no con,-0.609639666013116,9.89272810598293e-06,8.0,1.0,0.3593813663804626,0.0
1,unif,-0.5725533229666688,3.078631499156743e-05,8.0,1.0,0.3593813663804626,0.0
2,snapshot,-0.581621242647556,1.943249817686898e-05,8.0,1.0,0.3593813663804626,0.0
0,no con,-0.609639666013116,9.89272810598293e-06,8.0,1.0,0.3593813663804626,0.0
1,unif,-0.5725533229666688,3.078631499156743e-05,8.0,1.0,0.3593813663804626,0.0
2,snapshot,-0.5742457913596106,6.7816572856542785e-06,8.0,1.0,0.3593813663804626,0.0
0,no con,-0.609639666013116,9.89272810598293e-06,8.0,1.0,0.3593813663804626,1.0
1,unif,-0.5725533229666688,3.078631499156743e-05,8.0,1.0,0.3593813663804626,1.0
2,snapshot,-0.5755125211277129,2.0900716909372097e-05,8.0,1.0,0.3593813663804626,1.0
0,no con,-0.609639666013116,9.89272810598293e-06,8.0,1.0,0.3593813663804626,1.0
1,unif,-0.5725533229666688,3.078631499156743e-05,8.0,1.0,0.3593813663804626,1.0
2,snapshot,-0.5853219119734975,7.688475111390217e-06,8.0,1.0,0.3593813663804626,1.0
0,no con,-0.609639666013116,9.89272810598293e-06,8.0,1.0,0.3593813663804626,1.0
1,unif,-0.5725533229666688,3.078631499156743e-05,8.0,1.0,0.3593813663804626,1.0
2,snapshot,-0.5673092218240822,1.0772091105923681e-05,8.0,1.0,0.3593813663804626,1.0
0,no con,-0.609639666013116,9.89272810598293e-06,8.0,1.0,0.3593813663804626,1.0
1,unif,-0.5725533229666688,3.078631499156743e-05,8.0,1.0,0.3593813663804626,1.0
2,snapshot,-0.5913340206882564,8.380035353478335e-06,8.0,1.0,0.3593813663804626,1.0
0,no con,-0.609639666013116,9.89272810598293e-06,8.0,1.0,0.3593813663804626,1.0
1,unif,-0.5725533229666688,3.078631499156743e-05,8.0,1.0,0.3593813663804626,1.0
2,snapshot,-0.5850778919613278,2.101055399094351e-05,8.0,1.0,0.3593813663804626,1.0
0,no con,-0.609639666013116,9.89272810598293e-06,8.0,1.0,0.3593813663804626,1.0
1,unif,-0.5725533229666688,3.078631499156743e-05,8.0,1.0,0.3593813663804626,1.0
2,snapshot,-0.5723739909404367,1.2932804227597347e-05,8.0,1.0,0.3593813663804626,1.0
0,no con,-0.609639666013116,9.89272810598293e-06,8.0,1.0,0.3593813663804626,1.0
1,unif,-0.5725533229666688,3.078631499156743e-05,8.0,1.0,0.3593813663804626,1.0
2,snapshot,-0.5828120749104184,1.5120194238689031e-05,8.0,1.0,0.3593813663804626,1.0
0,no con,-0.609639666013116,9.89272810598293e-06,8.0,1.0,0.3593813663804626,1.0
1,unif,-0.5725533229666688,3.078631499156743e-05,8.0,1.0,0.3593813663804626,1.0
2,snapshot,-0.5804983571090528,7.671312858843089e-06,8.0,1.0,0.3593813663804626,1.0
0,no con,-0.609639666013116,9.89272810598293e-06,8.0,1.0,0.3593813663804626,1.0
1,unif,-0.5725533229666688,3.078631499156743e-05,8.0,1.0,0.3593813663804626,1.0
2,snapshot,-0.5760984720438104,1.8842255737628743e-05,8.0,1.0,0.3593813663804626,1.0
0,no con,-0.609639666013116,9.89272810598293e-06,8.0,1.0,0.3593813663804626,1.0
1,unif,-0.5725533229666688,3.078631499156743e-05,8.0,1.0,0.3593813663804626,1.0
2,snapshot,-0.5820499628152255,1.3242129069380056e-05,8.0,1.0,0.3593813663804626,1.0
0,no con,-0.609639666013116,9.89272810598293e-06,8.0,1.0,0.3593813663804626,2.0
1,unif,-0.5725533229666688,3.078631499156743e-05,8.0,1.0,0.3593813663804626,2.0
2,snapshot,-0.5867128726928538,1.7433087811417396e-05,8.0,1.0,0.3593813663804626,2.0
0,no con,-0.609639666013116,9.89272810598293e-06,8.0,1.0,0.3593813663804626,2.0
1,unif,-0.5725533229666688,3.078631499156743e-05,8.0,1.0,0.3593813663804626,2.0
2,snapshot,-0.5920781691569198,2.412610438157368e-05,8.0,1.0,0.3593813663804626,2.0
0,no con,-0.609639666013116,9.89272810598293e-06,8.0,1.0,0.3593813663804626,2.0
1,unif,-0.5725533229666688,3.078631499156743e-05,8.0,1.0,0.3593813663804626,2.0
2,snapshot,-0.5850246906902846,1.095482245703415e-05,8.0,1.0,0.3593813663804626,2.0
0,no con,-0.609639666013116,9.89272810598293e-06,8.0,1.0,0.3593813663804626,2.0
1,unif,-0.5725533229666688,3.078631499156743e-05,8.0,1.0,0.3593813663804626,2.0
2,snapshot,-0.5931318098843891,1.0123547492646282e-05,8.0,1.0,0.3593813663804626,2.0
0,no con,-0.609639666013116,9.89272810598293e-06,8.0,1.0,0.3593813663804626,2.0
1,unif,-0.5725533229666688,3.078631499156743e-05,8.0,1.0,0.3593813663804626,2.0
2,snapshot,-0.5734772091136502,1.7143162667130124e-05,8.0,1.0,0.3593813663804626,2.0
0,no con,-0.609639666013116,9.89272810598293e-06,8.0,1.0,0.3593813663804626,2.0
1,unif,-0.5725533229666688,3.078631499156743e-05,8.0,1.0,0.3593813663804626,2.0
2,snapshot,-0.5873005476303158,7.974548062396612e-06,8.0,1.0,0.3593813663804626,2.0
0,no con,-0.609639666013116,9.89272810598293e-06,8.0,1.0,0.3593813663804626,2.0
1,unif,-0.5725533229666688,3.078631499156743e-05,8.0,1.0,0.3593813663804626,2.0
2,snapshot,-0.5815683253329729,1.0606127537511417e-05,8.0,1.0,0.3593813663804626,2.0
0,no con,-0.609639666013116,9.89272810598293e-06,8.0,1.0,0.3593813663804626,2.0
1,unif,-0.5725533229666688,3.078631499156743e-05,8.0,1.0,0.3593813663804626,2.0
2,snapshot,-0.5829206882563721,1.164708570352528e-05,8.0,1.0,0.3593813663804626,2.0
0,no con,-0.609639666013116,9.89272810598293e-06,8.0,1.0,0.3593813663804626,2.0
1,unif,-0.5725533229666688,3.078631499156743e-05,8.0,1.0,0.3593813663804626,2.0
2,snapshot,-0.5819146575620309,2.1661028043316338e-05,8.0,1.0,0.3593813663804626,2.0
0,no con,-0.609639666013116,9.89272810598293e-06,8.0,1.0,0.3593813663804626,2.0
1,unif,-0.5725533229666688,3.078631499156743e-05,8.0,1.0,0.3593813663804626,2.0
2,snapshot,-0.5799867689811372,1.3276738226210011e-05,8.0,1.0,0.3593813663804626,2.0
0,no con,-0.609639666013116,9.89272810598293e-06,8.0,1.0,1.0,0.0
1,unif,-0.5725533229666688,3.078631499156743e-05,8.0,1.0,1.0,0.0
2,snapshot,-0.5801120613886823,9.275021870614306e-06,8.0,1.0,1.0,0.0
0,no con,-0.609639666013116,9.89272810598293e-06,8.0,1.0,1.0,0.0
1,unif,-0.5725533229666688,3.078631499156743e-05,8.0,1.0,1.0,0.0
2,snapshot,-0.5843697586370089,1.8246605863983008e-05,8.0,1.0,1.0,0.0
0,no con,-0.609639666013116,9.89272810598293e-06,8.0,1.0,1.0,0.0
1,unif,-0.5725533229666688,3.078631499156743e-05,8.0,1.0,1.0,0.0
2,snapshot,-0.5898544655533771,8.532813651787712e-06,8.0,1.0,1.0,0.0
0,no con,-0.609639666013116,9.89272810598293e-06,8.0,1.0,1.0,0.0
1,unif,-0.5725533229666688,3.078631499156743e-05,8.0,1.0,1.0,0.0
2,snapshot,-0.578594969914137,2.7103870019282574e-05,8.0,1.0,1.0,0.0
0,no con,-0.609639666013116,9.89272810598293e-06,8.0,1.0,1.0,0.0
1,unif,-0.5725533229666688,3.078631499156743e-05,8.0,1.0,1.0,0.0
2,snapshot,-0.5824521871408289,1.5302394157652874e-05,8.0,1.0,1.0,0.0
0,no con,-0.609639666013116,9.89272810598293e-06,8.0,1.0,1.0,0.0
1,unif,-0.5725533229666688,3.078631499156743e-05,8.0,1.0,1.0,0.0
2,snapshot,-0.5812845987424785,1.4163978477969516e-05,8.0,1.0,1.0,0.0
0,no con,-0.609639666013116,9.89272810598293e-06,8.0,1.0,1.0,0.0
1,unif,-0.5725533229666688,3.078631499156743e-05,8.0,1.0,1.0,0.0
2,snapshot,-0.5827748901358935,5.783199676229644e-06,8.0,1.0,1.0,0.0
0,no con,-0.609639666013116,9.89272810598293e-06,8.0,1.0,1.0,0.0
1,unif,-0.5725533229666688,3.078631499156743e-05,8.0,1.0,1.0,0.0
2,snapshot,-0.5829766817659388,8.093891673848012e-06,8.0,1.0,1.0,0.0
0,no con,-0.609639666013116,9.89272810598293e-06,8.0,1.0,1.0,0.0
1,unif,-0.5725533229666688,3.078631499156743e-05,8.0,1.0,1.0,0.0
2,snapshot,-0.5825525860320465,2.022421266521149e-05,8.0,1.0,1.0,0.0
0,no con,-0.609639666013116,9.89272810598293e-06,8.0,1.0,1.0,0.0
1,unif,-0.5725533229666688,3.078631499156743e-05,8.0,1.0,1.0,0.0
2,snapshot,-0.584193624501386,1.0504590720995007e-05,8.0,1.0,1.0,0.0
0,no con,-0.609639666013116,9.89272810598293e-06,8.0,1.0,1.0,1.0
1,unif,-0.5725533229666688,3.078631499156743e-05,8.0,1.0,1.0,1.0
2,snapshot,-0.5785263876681767,1.1296802800398009e-05,8.0,1.0,1.0,1.0
0,no con,-0.609639666013116,9.89272810598293e-06,8.0,1.0,1.0,1.0
1,unif,-0.5725533229666688,3.078631499156743e-05,8.0,1.0,1.0,1.0
2,snapshot,-0.5751202487999458,1.3131102569087643e-05,8.0,1.0,1.0,1.0
0,no con,-0.609639666013116,9.89272810598293e-06,8.0,1.0,1.0,1.0
1,unif,-0.5725533229666688,3.078631499156743e-05,8.0,1.0,1.0,1.0
2,snapshot,-0.5817633493340544,9.802750399573444e-06,8.0,1.0,1.0,1.0
0,no con,-0.609639666013116,9.89272810598293e-06,8.0,1.0,1.0,1.0
1,unif,-0.5725533229666688,3.078631499156743e-05,8.0,1.0,1.0,1.0
2,snapshot,-0.5872258332769928,1.3358625046052503e-05,8.0,1.0,1.0,1.0
0,no con,-0.609639666013116,9.89272810598293e-06,8.0,1.0,1.0,1.0
1,unif,-0.5725533229666688,3.078631499156743e-05,8.0,1.0,1.0,1.0
2,snapshot,-0.5716240281252113,1.213190861171806e-05,8.0,1.0,1.0,1.0
0,no con,-0.609639666013116,9.89272810598293e-06,8.0,1.0,1.0,1.0
1,unif,-0.5725533229666688,3.078631499156743e-05,8.0,1.0,1.0,1.0
2,snapshot,-0.5833957812183086,9.402374326414315e-06,8.0,1.0,1.0,1.0
0,no con,-0.609639666013116,9.89272810598293e-06,8.0,1.0,1.0,1.0
1,unif,-0.5725533229666688,3.078631499156743e-05,8.0,1.0,1.0,1.0
2,snapshot,-0.5800510513149888,1.4309865123094983e-05,8.0,1.0,1.0,1.0
0,no con,-0.609639666013116,9.89272810598293e-06,8.0,1.0,1.0,1.0
1,unif,-0.5725533229666688,3.078631499156743e-05,8.0,1.0,1.0,1.0
2,snapshot,-0.5781717328104928,1.159196341874535e-05,8.0,1.0,1.0,1.0
0,no con,-0.609639666013116,9.89272810598293e-06,8.0,1.0,1.0,1.0
1,unif,-0.5725533229666688,3.078631499156743e-05,8.0,1.0,1.0,1.0
2,snapshot,-0.5849243999729565,1.0938673717083441e-05,8.0,1.0,1.0,1.0
0,no con,-0.609639666013116,9.89272810598293e-06,8.0,1.0,1.0,1.0
1,unif,-0.5725533229666688,3.078631499156743e-05,8.0,1.0,1.0,1.0
2,snapshot,-0.5856284362112095,9.368823797489489e-06,8.0,1.0,1.0,1.0
0,no con,-0.609639666013116,9.89272810598293e-06,8.0,1.0,1.0,2.0
1,unif,-0.5725533229666688,3.078631499156743e-05,8.0,1.0,1.0,2.0
2,snapshot,-0.579686823068082,1.7425636003234338e-05,8.0,1.0,1.0,2.0
0,no con,-0.609639666013116,9.89272810598293e-06,8.0,1.0,1.0,2.0
1,unif,-0.5725533229666688,3.078631499156743e-05,8.0,1.0,1.0,2.0
2,snapshot,-0.5871119464539247,1.5416146988578362e-05,8.0,1.0,1.0,2.0
0,no con,-0.609639666013116,9.89272810598293e-06,8.0,1.0,1.0,2.0
1,unif,-0.5725533229666688,3.078631499156743e-05,8.0,1.0,1.0,2.0
2,snapshot,-0.5809517544452708,7.487786749057346e-06,8.0,1.0,1.0,2.0
0,no con,-0.609639666013116,9.89272810598293e-06,8.0,1.0,1.0,2.0
1,unif,-0.5725533229666688,3.078631499156743e-05,8.0,1.0,1.0,2.0
2,snapshot,-0.5896943749577446,1.2369655221752004e-05,8.0,1.0,1.0,2.0
0,no con,-0.609639666013116,9.89272810598293e-06,8.0,1.0,1.0,2.0
1,unif,-0.5725533229666688,3.078631499156743e-05,8.0,1.0,1.0,2.0
2,snapshot,-0.5778223176255831,2.0085925560955086e-05,8.0,1.0,1.0,2.0
0,no con,-0.609639666013116,9.89272810598293e-06,8.0,1.0,1.0,2.0
1,unif,-0.5725533229666688,3.078631499156743e-05,8.0,1.0,1.0,2.0
2,snapshot,-0.5729322155364748,2.5431987437211198e-05,8.0,1.0,1.0,2.0
0,no con,-0.609639666013116,9.89272810598293e-06,8.0,1.0,1.0,2.0
1,unif,-0.5725533229666688,3.078631499156743e-05,8.0,1.0,1.0,2.0
2,snapshot,-0.5844341356230139,1.6193144601889553e-05,8.0,1.0,1.0,2.0
0,no con,-0.609639666013116,9.89272810598293e-06,8.0,1.0,1.0,2.0
1,unif,-0.5725533229666688,3.078631499156743e-05,8.0,1.0,1.0,2.0
2,snapshot,-0.583695821783517,1.2103075820630216e-05,8.0,1.0,1.0,2.0
0,no con,-0.609639666013116,9.89272810598293e-06,8.0,1.0,1.0,2.0
1,unif,-0.5725533229666688,3.078631499156743e-05,8.0,1.0,1.0,2.0
2,snapshot,-0.5833666013116084,1.5134565675464008e-05,8.0,1.0,1.0,2.0
0,no con,-0.609639666013116,9.89272810598293e-06,8.0,1.0,1.0,2.0
1,unif,-0.5725533229666688,3.078631499156743e-05,8.0,1.0,1.0,2.0
2,snapshot,-0.5793052329119059,2.273628453265094e-05,8.0,1.0,1.0,2.0
