,block optimize,full optimize,H,beta_factor
0,"[[0.25091642855185736, 0.25091642855185736, 0.43001670610584003, 0.430533455671424, 0.4309630396359772, 0.43132749982051666, 0.4316263371342407, 0.43187679658299516, 0.43208715994911034, 0.43226418746912904, 0.43241342163000634, 0.432539424544121, 0.4326519327487006, 0.43274181082079793, 0.43281799052563513, 0.43288262804522576, 0.4329375250148534, 0.43298419016574186, 0.4330238895101251, 0.4330576873633817, 0.433086480001161, 0.4331110233686253, 0.4331319559653078, 0.43314981780088263, 0.43316506613903616, 0.4331780886063237, 0.4331892141324615, 0.43319872210024774, 0.4332068500134035, 0.4332137999341728, 0.43322579629755914, 0.43323080574464434, 0.43323508835690705, 0.4332387498249809, 0.4332418803336214, 0.43324455687152036, 0.43324684518931433, 0.43324880146102357, 0.4332491743750693, 0.4332491743750699]]","[[0.3877833579864694, 0.4757756526365786, 0.4826470806552283, 0.4839914695279383, 0.48448543913746966, 0.4846915898782569, 0.48479582877122096, 0.4848619909175998, 0.4849038902468128, 0.48492952856854415, 0.48494548973000384, 0.4849563813771821, 0.48496423745082984, 0.4849697455208875, 0.48497305082222264, 0.48497504503377026, 0.48497644167517273, 0.4849774282693895]]",250.0,1.2
0,"[[0.25091642855185736, 0.25091642855185736, 0.4561249775681835, 0.45623107759272963, 0.4563207827012734, 0.4563967128639078, 0.45646105005355586, 0.45651561577946875, 0.45656797165030194, 0.45660710945945854, 0.45664037565238447, 0.45666866885530133, 0.45669274614975724, 0.4567132462484186, 0.4567307086844622, 0.4567455897420319, 0.45675827571317457, 0.45676909395471677, 0.4567783221293461, 0.45678619594382786, 0.4567929156403743, 0.4567986514509133, 0.4568035481869881, 0.4568077291076982, 0.4568112991834511, 0.4568143478532667, 0.45681695135679223, 0.45681917470864875, 0.45682107337165145, 0.4568226946759333, 0.45682407902368727, 0.45682526091260234, 0.45682626980590885, 0.45682713087252025, 0.45682786561698147, 0.4568284924160122, 0.45682902697564326, 0.4568294827209256, 0.456829871128295, 0.4568302020091233, 0.4568304837517445, 0.45683072352806464, 0.45683092747003573, 0.4568311008203755, 0.4568312480614091, 0.45683137302513055, 0.4568314789873095, 0.45683156874797637, 0.456831644700199, 0.4568317088889634, 0.45683176306148005, 0.45683180871026896, 0.4568318471099814, 0.45683187934894304, 0.45683190635611015, 0.4568319289241581, 0.456831947729231, 0.4568319633478415, 0.45683197627132843, 0.4568319869182436, 0.4568319956449353]]","[[0.3877833579864694, 0.49507573898474, 0.502752007726765, 0.5043868266533313, 0.5048628447181814, 0.505101630494527, 0.5052411879032438, 0.5053211190457658, 0.5053656978169296, 0.5053897689538482, 0.5054045007433335, 0.5054147738389362, 0.5054219954814072, 0.5054272118171478, 0.5054310145425357, 0.5054338001530986, 0.5054358553018844, 0.505437363687453, 0.5054384966352652, 0.5054393673044577]]",318.56874642578344,1.2
0,"[[0.25091642855185736, 0.25091642855185736, 0.4855057725691709, 0.48551025305769246, 0.4855141075039968, 0.4855174231965249, 0.48552027535303743, 0.48552272876479774, 0.48552483922227446, 0.4855266547502016, 0.485528216676608, 0.48552956055739116, 0.4855307169754034, 0.48553171223059055, 0.4855325689356863, 0.48553330653012, 0.4855339417230804, 0.4855344888753862, 0.48553496032840515, 0.48553536668732594, 0.4855357170649407, 0.48553601929144974, 0.48553628009492367, 0.4855365052564995, 0.4855366997438114, 0.48553686782568706, 0.48553701317071, 0.4855371389319136, 0.48553724781953067, 0.4855373421634976, 0.48553742396712524, 0.4855374949531985, 0.48553755660354264, 0.4855376101930339, 0.4855376568187576, 0.4855376974250711, 0.48553773282510193, 0.48553776371922885, 0.4855377907109204, 0.4855378143203479, 0.4855378349960818, 0.48553785312510256, 0.4855378690414446, 0.4855378830335674, 0.4855378953507346, 0.4855379062084494, 0.48553791579315475]]","[[0.3877833579864694, 0.5177600637619121, 0.5267030033491137, 0.5285802401572862, 0.5291354495212848, 0.5293664799056996, 0.5294807525117687, 0.5295387503116791, 0.5295768480063935, 0.5296029897433168, 0.529621906618301, 0.529635530813707, 0.5296455259604593, 0.529652328241124, 0.5296575621317732, 0.5296616364637602, 0.5296644722258348, 0.529666492705805, 0.5296680599427352, 0.5296693013152692, 0.5296702602482246]]",405.9441847971804,1.2
0,"[[0.25091642855185736, 0.25091642855185736, 0.5183375672839795, 0.5185381596254126, 0.518712778026892, 0.5188646073520204, 0.5189964768921619, 0.5191108932963162, 0.5192100717864647, 0.5192959654557273, 0.5193702925297239, 0.51942900471557, 0.5194843298267267, 0.5195320872378315, 0.5195732863661526, 0.5196088073563986, 0.5196394165463546, 0.5196657803026451, 0.5196884773529451, 0.5197080097412552, 0.519724812530283, 0.5197392623701484, 0.5197516850465382, 0.519762362114236, 0.5197715367143092, 0.519779418665313, 0.5197861889109798, 0.5197920033993146, 0.5197969964605157, 0.5198012837443132, 0.5198049647709101, 0.5198081251436295, 0.51981083846608, 0.519813168001557, 0.5198151681080125, 0.5198168854778725, 0.5198183602084006, 0.5198196267250536, 0.5198207145775811, 0.5198216491258194, 0.519822452130322, 0.5198231422605886, 0.5198237355323102, 0.519824245683286, 0.5198246844965666, 0.5198250620780396, 0.5198253870948891, 0.5198256669803148, 0.5198259081092569, 0.519826115949221, 0.5198262951896709, 0.5198264498529916, 0.5198265833896998, 0.5198266987600736, 0.5198267985041012, 0.5198268848015193, 0.5198269595231861, 0.519827024275211, 0.5198270804366864, 0.5198271291920723, 0.5198271715589583, 0.519827208411811, 0.5198272405023421, 0.5198272684770009, 0.51982729289188, 0.5198273142255897, 0.5198273328902091, 0.5198273492407137, 0.5198273635830426, 0.5198273761810309, 0.5198273872623216, 0.5198273970234721]]","[[0.3877833579864694, 0.5441395425868306, 0.5548600181738405, 0.5571199100180986, 0.557678665603032, 0.5579572913083428, 0.5581031637605128, 0.5581618878942386, 0.5582005294565089, 0.5582251370310344, 0.5582414799823704, 0.5582528959748677, 0.5582616660809159, 0.5582681586485037, 0.5582728268233343, 0.5582760057305634, 0.5582775532810117, 0.5582784649744474]]",517.2845202786974,1.2
0,"[[0.25091642855185736, 0.25091642855185736, 0.5547486500343216, 0.5553947612275655, 0.5559635636493779, 0.5564633410754816, 0.5568965786561655, 0.5572798945207875, 0.5576149038283755, 0.5579072430721663, 0.5581619776675589, 0.5583836432253946, 0.5585762871713534, 0.5587435098606021, 0.5588885045202939, 0.5590140955162238, 0.5591227745828781, 0.559216734777598, 0.5592979020207658, 0.5593679641661438, 0.5594230319316074, 0.5594749337067202, 0.5595196313793804, 0.5595581026059021, 0.5595911970824579, 0.5596196523208086, 0.559644107678815, 0.5596651167970577, 0.5596831585890889, 0.5596986469265, 0.559711939152044, 0.55972334354535, 0.5597331258559525, 0.5597415150091644, 0.5597487080804285, 0.559754874624874, 0.5597601604399152, 0.5597646908306426, 0.5597685734400057, 0.5597719006989618, 0.5597747519453155, 0.5597771952542259, 0.5597792890181782, 0.5597810833095077, 0.5597826210545727, 0.559783939044849, 0.5597850688070135, 0.5597860373512529, 0.5597868678144913, 0.5597875800129637, 0.5597881909167842, 0.559788715057217, 0.559789164876179, 0.559789551025986, 0.559789882626355, 0.5597901674847281, 0.5597904122850602, 0.5597906227495143, 0.5597908037770519, 0.5597909595620456, 0.5597910936958345, 0.5597912092537092, 0.5597913088693325, 0.5597913947984194, 0.559791468973295, 0.5597915330494772, 0.5597915884456364, 0.5597916363776987, 0.5597916778881058, 0.559791713870749, 0.5597917450923702, 0.5597917722108782, 0.5597917957909344, 0.5597918163173842, 0.5597918342066925, 0.5597918498167374, 0.5597918634551906, 0.559791875386705, 0.5597918858390377, 0.5597918950082945]]","[[0.3877833579864694, 0.5744618605907905, 0.5873082983768216, 0.5905722244797821, 0.5911377250515217, 0.5913367194287864, 0.5914445859581149, 0.5915069468822297, 0.5915491887477238, 0.5915802559574818, 0.5916035364107017, 0.5916195931425645, 0.5916328605532533, 0.5916428731005451, 0.5916501734286835, 0.5916564583145774, 0.5916595691808482, 0.5916605635396084]]",659.1627246825896,1.2
0,"[[0.25091642855185736, 0.25091642855185736, 0.5947725438549559, 0.5960221009359086, 0.5971360386401411, 0.59812341160878, 0.5989965120482582, 0.5997668134724683, 0.6004449565486474, 0.6010407505408039, 0.6015631878652575, 0.6020204692989315, 0.6024153610769271, 0.6027635431574025, 0.6030667913817322, 0.6033305287562466, 0.6035595977678114, 0.6037583079745507, 0.60393048266928, 0.6040795039057419, 0.6042083553666568, 0.6043196627142364, 0.6044157311996018, 0.6044985804185847, 0.6045699761897706, 0.6046314595992794, 0.6046843733077985, 0.604729885252252, 0.6047690098987285, 0.6048026272183895, 0.6048314995647427, 0.6048512224162153, 0.6048723781161586, 0.6048905197709242, 0.6049060716628812, 0.6049193995033544, 0.6049308182713462, 0.6049405990551513, 0.6049489750127963, 0.6049561465559914, 0.6049622858518006, 0.6049675407262323, 0.6049720380448567, 0.6049758866369438, 0.6049791798220399, 0.6049819975907821, 0.6049844084855724, 0.6049864712209263, 0.6049882360785959, 0.6049897461077702, 0.6049910381569493, 0.6049921437605621, 0.6049930899003809, 0.6049938996589561, 0.6049945927803136, 0.6049951861506515, 0.6049956942104648, 0.6049961293076477, 0.6049965019999461, 0.6049968213139698, 0.6049970949669239, 0.6049973295563815, 0.604997530722654, 0.6049977032876958, 0.6049978513739376, 0.6049979785058701, 0.6049980876969396, 0.6049981815237885, 0.6049982621897803, 0.6049983315792391, 0.6049983913038505, 0.6049984427422629, 0.6049984870739678, 0.6049985253082689, 0.6049985583089381, 0.6049985868154263, 0.6049986114608439, 0.6049986327874162, 0.6049986512596562, 0.6049986672756069, 0.6049986811764986, 0.6049986932549096, 0.6049987037618428, 0.6049987129127072]]","[[0.3877833579864694, 0.6088718936264683, 0.6239363509508066, 0.6289002025571246, 0.6297583197659262, 0.62998411423018, 0.630064950568723, 0.6301002833999062, 0.6301186801220446, 0.6301291266014724, 0.6301356229651722, 0.6301399828695798, 0.6301430798904647, 0.6301453835972818, 0.6301471690169187, 0.6301486048685959, 0.63014979879254, 0.6301508218277179, 0.6301517227129976]]",839.9545715709454,1.2
0,"[[0.25091642855185736, 0.25091642855185736, 0.6382720891447282, 0.640177474609469, 0.641883663449773, 0.6434070517245865, 0.6447634369198393, 0.6459679073333408, 0.6470304404188629, 0.6479725788978901, 0.6488030632777072, 0.6495335272597744, 0.6501746920735259, 0.650736381158717, 0.6512275471375808, 0.6516563084032885, 0.6520299928439816, 0.6523551864762647, 0.6526377850513335, 0.6528830469978579, 0.6530910798584668, 0.6532748698847667, 0.6534338082906919, 0.6535711194373011, 0.6536896372811567, 0.6537918469194636, 0.6538799229085991, 0.6539557643397771, 0.6540210267325055, 0.6540771508634043, 0.6541253886879188, 0.6541668265384113, 0.6542024057972422, 0.6542329412495639, 0.6542591373204277, 0.6542816023954281, 0.6543008614155215, 0.6543173669256864, 0.6543315087446773, 0.6543436224100105, 0.6543539965390637, 0.6543628792340521, 0.6543704836460494, 0.6543769928014558, 0.6543825637828552, 0.654387331346227, 0.654391411046967, 0.6543949019385575, 0.6543978889000852, 0.6544004446419684, 0.6544026314328643, 0.6544045025855723, 0.6544061037345223, 0.6544074739336093, 0.6544086465988733, 0.6544096503177543, 0.6544105095432331, 0.6544112451892306, 0.6544118751408696, 0.6544124146917613, 0.6544128769185766, 0.6544132730017699, 0.6544136125001956, 0.6544139035861076, 0.65441415324621, 0.6544143674537517, 0.6544145513156033, 0.6544147091980989, 0.6544148448346537, 0.6544149614176812, 0.65441506167729, 0.6544151479484135, 0.6544152222283002, 0.6544152862255647, 0.654415341402117, 0.6544153890090464, 0.6544154301171963, 0.6544154656433434, 0.6544154963725665, 0.6544155229773161, 0.6544155460337704, 0.65441556603573, 0.65441558340658, 0.6544155985094475, 0.6544156116558983, 0.6544156231133729, 0.6544156331115507]]","[[0.3877833579864694, 0.6473284867063981, 0.6643597713124731, 0.6715235636238162, 0.6730626970213166, 0.6734427015277908, 0.6735729492203715, 0.6736238869488206, 0.6736465422536863, 0.6736575471576505, 0.673663116923842, 0.6736660955163009, 0.6736677296106207, 0.6736686424248064]]",1070.3330996798484,1.2
0,"[[0.25091642855185736, 0.25091642855185736, 0.6848554660409809, 0.6873234369678105, 0.6895468503444844, 0.6915436330439848, 0.6933314110582627, 0.6949273446525948, 0.6963479859502262, 0.6976091608718464, 0.6987258762302824, 0.6997122517138721, 0.7005814755611005, 0.7013419639117314, 0.7020122211851678, 0.7025991665262397, 0.7031122172612816, 0.7035599109695578, 0.7039499509597873, 0.7042892573125784, 0.7045840213417859, 0.7048397616540452, 0.7050613803125603, 0.7052532179208554, 0.7054191067241612, 0.705562421074653, 0.7056861248179593, 0.7057928153347788, 0.7058847641128971, 0.7059639538362055, 0.7060321120618318, 0.7060866690642, 0.7061369350549416, 0.7061801190367288, 0.7062172015723193, 0.7062490311478233, 0.7062763411808877, 0.7062997650050067, 0.7063198490346527, 0.7063370643034905, 0.7063518165541539, 0.7063644550434338, 0.706375280212193, 0.7063845503552432, 0.7063924874126049, 0.7063992819908653, 0.7064050977115366, 0.706410074972038, 0.7064143341953948, 0.706417978635175, 0.7064210967946281, 0.7064237645111915, 0.7064260467513196, 0.706427999154988, 0.7064296693637231, 0.7064310981619937, 0.7064323204576228, 0.7064333661234987, 0.7064342607198864, 0.7064350261140547, 0.7064356810115813, 0.7064362414117722, 0.7064367209979228, 0.7064371314716179, 0.7064374828390991, 0.7064377836563573, 0.7064380412390412, 0.7064382618420317, 0.7064384508131498, 0.7064386127246379, 0.706438751485648, 0.70643887043843, 0.7064389724405946, 0.7064390599355066, 0.7064391350123573, 0.7064391994576822, 0.7064392547992311, 0.7064393023435978, 0.7064393432083345, 0.706439378349393, 0.7064394085845617, 0.7064394346135786, 0.7064394570352139, 0.7064394763619397, 0.7064394930324349, 0.7064395074223113, 0.7064395198531961, 0.706439530600608, 0.7064395399006007]]","[[0.3877833579864694, 0.689522261119224, 0.7080785979449231, 0.7171458967881268, 0.7198813376245694, 0.720526361563235, 0.7207370634335729, 0.7208175693908226, 0.7208509900510215, 0.7208659995125747, 0.72087325883216, 0.7208768738308211, 0.7208787090856981, 0.720879660643938]]",1363.8986952921298,1.2
0,"[[0.25091642855185736, 0.25091642855185736, 0.7337369595196146, 0.7365569814042068, 0.7391117472554809, 0.7414167899297663, 0.7434898920468624, 0.7453486028400299, 0.7470100785174048, 0.748490939015363, 0.7498071444058182, 0.7509738931699506, 0.752005543418417, 0.7529155570380082, 0.753716465769654, 0.7544198574384287, 0.7550363799931594, 0.7555757606754714, 0.7560468375059918, 0.7564543004398625, 0.7568116632852091, 0.7571223480285076, 0.7573921049589254, 0.7576260477902494, 0.7578287091326228, 0.7580040943937143, 0.7581557333191721, 0.7582867286207174, 0.7583998013408986, 0.7584973327668448, 0.7585814028344048, 0.7586538250631325, 0.7587161781352274, 0.7587698342828088, 0.7588159846813946, 0.758855662066953, 0.7588897608024974, 0.758919054620738, 0.7589442122636455, 0.7589658112303717, 0.758984349832357, 0.7590002577404843, 0.7590139051944363, 0.7590256110293114, 0.7590356496598761, 0.7590442571487698, 0.7590516364716774, 0.7590579620801854, 0.7590633838514671, 0.7590680305038027, 0.759072012547404, 0.7590754248316294, 0.7590783487420034, 0.7590808540940122, 0.7590830007642884, 0.7590848400949072, 0.7590864161015998, 0.759087766512837, 0.7590889236629751, 0.7590899152596914, 0.7590907650430985, 0.7590914933517326, 0.7590921176082622, 0.7590926527363382, 0.7590931115181616, 0.7590935049011148, 0.759093842260723, 0.759094131626067, 0.7590943798729755, 0.759094592889574, 0.7590947757181832, 0.7590949326768128, 0.759095067463291, 0.7590951832444024, 0.7590952827322814, 0.759095368249777, 0.7590954417864592, 0.7590955050465528, 0.7590955594899785, 0.7590956063675087, 0.7590956467508188, 0.7590956815582585, 0.7590957115768966, 0.7590957374813858, 0.7590957598500832, 0.7590957791789417, 0.7590957958932859, 0.7590958103579521, 0.759095822885996, 0.7590958337460654, 0.7590958431688045]]","[[0.3877833579864694, 0.7347714152891389, 0.7540645698672885, 0.7642787465995963, 0.7682919766486102, 0.769368412995012, 0.7696687316984887, 0.769773239239448, 0.769813590346535, 0.7698307282727581, 0.7698382673536562, 0.7698416851450637, 0.7698432738510028, 0.7698440337266409]]",1737.9819904439014,1.2
0,"[[0.25091642855185736, 0.25091642855185736, 0.7836137908190954, 0.7865060596972631, 0.7891338576453357, 0.7915136408637324, 0.79365963163534, 0.7955925198676057, 0.7973264436863876, 0.798877207831323, 0.8002601301931742, 0.8014899337202381, 0.8025806549864625, 0.8035455713405992, 0.8043971474853997, 0.8051470013182129, 0.805805887987038, 0.806383700433634, 0.8068894842317071, 0.8073314642771074, 0.8077170808244079, 0.8080530324516669, 0.8083453237321899, 0.808599315657965, 0.8088197771596048, 0.8090109363749893, 0.8091765306123138, 0.809319854220913, 0.8094409380325331, 0.809547912496867, 0.809640285791749, 0.8097200016786662, 0.8097887557238537, 0.8098480247018336, 0.8098990930210568, 0.8099430763564971, 0.8099809426927316, 0.8100135309896941, 0.8100415676835204, 0.8100656812297553, 0.8100864148868372, 0.8101042379258884, 0.8101195554396264, 0.8101327169089672, 0.8101440236717867, 0.8101537354245095, 0.8101620758738763, 0.8101692376437688, 0.8101753865304475, 0.8101806651889822, 0.8101851963238527, 0.8101890854481401, 0.8101924232677853, 0.8101952877404075, 0.8101977458520124, 0.8101998551493006, 0.810201665060561, 0.8102032180337148, 0.810204550516437, 0.8102056937998616, 0.8102066747446743, 0.8102075164057208, 0.8102082385691521, 0.8102088582142408, 0.8102093899103368, 0.810209846157947, 0.8102102376817982, 0.8102105736825647, 0.8102108620530095, 0.8102111095636453, 0.8102113220220727, 0.8102115044097838, 0.810211660999573, 0.8102117954562948, 0.8102119109233412, 0.8102120100968213, 0.8102120952892153, 0.8102121684839774, 0.8102122313823686, 0.8102122854436449, 0.8102123319195298, 0.8102123718837296, 0.8102124062573237, 0.8102124358304895, 0.8102124612811299, 0.8102124831908724, 0.8102125020587789, 0.8102125183131095, 0.8102125323213623, 0.8102125443989823, 0.810212554816709, 0.8102125638069679]]","[[0.3877833579864694, 0.7818996947703092, 0.8008519939908968, 0.8111322305397543, 0.815960255108939, 0.8175595501894026, 0.8180126235191524, 0.8181442454712963, 0.8181882544490877, 0.8182049912390493, 0.8182117969505557, 0.8182145815677088, 0.818215780112398, 0.8182163075287872]]",2214.666976025206,1.2
0,"[[0.25091642855185736, 0.25091642855185736, 0.8326240576971757, 0.835290913372821, 0.8377209528195578, 0.8399266551294502, 0.8419251355812577, 0.843728985918712, 0.8453521102099902, 0.8468081697257669, 0.8481104861642603, 0.8492719500264081, 0.8503049376869535, 0.8512212400927951, 0.8520320052006918, 0.8527476953499618, 0.8533780598560864, 0.8539321222969053, 0.854418181304447, 0.8548438232043498, 0.8552159445642225, 0.8555407826049957, 0.8558239514652858, 0.8560704824500944, 0.8562848666067995, 0.8564710982195709, 0.8566327180727087, 0.8567728555844119, 0.8568942691419779, 0.856999384170958, 0.8570903286402368, 0.8571689658434638, 0.8572369244061846, 0.8572956255507815, 0.8573463077117378, 0.8573900486356001, 0.8574277851267943, 0.8574603306154767, 0.8574883907296931, 0.8575125770535919, 0.8575334192478572, 0.857551375700375, 0.8575668428641086, 0.8575801634276727, 0.8575916334518741, 0.8576015085930799, 0.8576076678721938, 0.8576149520735884, 0.8576212193831094, 0.8576266111667468, 0.857631249269812, 0.8576352386840138, 0.8576386698563206, 0.8576416206862612, 0.8576441582528203, 0.8576463403065842, 0.8576482165584816, 0.8576498297922562, 0.8576512168245448, 0.8576524093329343, 0.8576534345700526, 0.857654315979116, 0.8576550737243938, 0.8576557251482931, 0.8576562851649807, 0.8576567665994499, 0.8576571804794209, 0.8576575362865952, 0.8576578421729995, 0.8576581051470269, 0.8576583312336972, 0.8576585256123661, 0.8576586927352876, 0.8576588364295863, 0.8576589599849276, 0.8576590662289293, 0.857659157592044, 0.8576592361632811, 0.8576593037381748, 0.8576593618599988, 0.8576594118551998, 0.8576594548638703, 0.8576594918659253, 0.8576595237036169, 0.8576595511008656, 0.8576595746799387, 0.8576595949756743, 0.857659612447826, 0.8576596274915884, 0.8576596404466763, 0.8576596516051266, 0.8576596612179949]]","[[0.3877833579864694, 0.8291671631651512, 0.846546175703275, 0.8559774464538832, 0.8606895165981954, 0.8626620877319516, 0.8632782408688318, 0.8634709401940104, 0.8635294152440766, 0.8635478190309183, 0.8635545443308483, 0.8635570960680861, 0.8635581032457397, 0.8635585112348797]]",2822.0947292117226,1.2
0,"[[0.25091642855185736, 0.25091642855185736, 0.8784194181768755, 0.8806259682047568, 0.8826412448924923, 0.884476247956246, 0.886141979223517, 0.8876493957812841, 0.8890093548175961, 0.8902325522660619, 0.8913294579299069, 0.8923102500953881, 0.8931847527047503, 0.8939623779449033, 0.89465207665668, 0.8952622983472427, 0.8958009618777486, 0.8962754371836723, 0.8966925377378292, 0.8970585229374248, 0.897379109213625, 0.8976594884295335, 0.8979043520381823, 0.898117919491405, 0.8983039694948798, 0.8984658728646661, 0.8986066259302559, 0.8987288836276055, 0.8988349916176299, 0.89892701694053, 0.8990067768692483, 0.8990758657533955, 0.8991356797484926, 0.8991874394065186, 0.8992322101644319, 0.899270920811241, 0.8993043800438623, 0.8993332912405454, 0.8993582655904093, 0.8993798337207204, 0.8993984559620034, 0.8994145313859946, 0.8994284057442063, 0.8994403784261794, 0.8994507085473007, 0.8994596202662739, 0.8994673074231, 0.8994739375792064, 0.8994796555327502, 0.8994845863742333, 0.8994888381401611, 0.8994925041156985, 0.8994956648314127, 0.8994983897935895, 0.8995007389827947, 0.8995027641510903, 0.8995045099444476, 0.8995060148734189, 0.8995073121524114, 0.899508430424971, 0.8995093943904473, 0.89951022534527, 0.89951094165035, 0.8995115591346434, 0.8995120914434298, 0.8995125503389452, 0.899512945959743, 0.8995132870444511, 0.899513581124811, 0.8995138346921678, 0.8995140533410181, 0.8995142418928368, 0.8995144045028207, 0.8995145447519044, 0.8995146657261284, 0.899514770085013, 0.8995148601205093, 0.89951493780782, 0.8995150048491917, 0.8995150627116457, 0.8995151126595256, 0.8995151557825052, 0.8995151930197613, 0.8995152251807759, 0.8995152529632638, 0.8995152769686614, 0.8995152977154045, 0.8995153156504252, 0.8995153311590258, 0.8995153445734048, 0.8995153561800087, 0.899515366225818, 0.8995153749238436]]","[[0.3877833579864694, 0.8742862736608633, 0.8889286108322473, 0.8967386271404943, 0.9007064083453072, 0.9026092950121697, 0.9033740699652838, 0.9036061099762658, 0.9036803432767218, 0.9037056276688901, 0.9037134873858726, 0.9037161955233382, 0.9037171501391238]]",3596.1247207191573,1.2
0,"[[0.25091642855185736, 0.25091642855185736, 0.9184826508481971, 0.9201067325628842, 0.9215928135829191, 0.9229486503021984, 0.9241819764596938, 0.9253004830813998, 0.9263117911952619, 0.9272234183918129, 0.9280427407867017, 0.928776952309897, 0.9294330234519639, 0.9300176616150633, 0.9305372750454609, 0.9309979419933804, 0.9314053863020189, 0.9317649601291851, 0.9320816340103864, 0.9323599940299347, 0.932604245511162, 0.9328182223845376, 0.9330054012451107, 0.9331689190578363, 0.9333115934930001, 0.9334359449538163, 0.933544219473357, 0.9336384117911943, 0.9337202880566641, 0.9337914077361518, 0.9338531444193079, 0.9339067053203585, 0.9339531493548705, 0.9339934037393071, 0.9340282791125862, 0.9340584832171017, 0.9340846332036936, 0.9341072666427546, 0.9341268513343005, 0.9341437940146923, 0.9341584480585088, 0.9341711202718868, 0.9341820768694328, 0.9341915487212764, 0.9341997359504832, 0.9342068119545346, 0.9342129269177534, 0.9342182108751701, 0.9342227763820388, 0.9342267208374032, 0.9342301285047676, 0.9342330722679655, 0.9342356151558547, 0.9342378116654848, 0.9342397089097227, 0.9342413476121405, 0.9342427629691504, 0.9342439853967777, 0.934245041177305, 0.9342459530190361, 0.9342467405407224, 0.9342474206906852, 0.9342480081093613, 0.934248515442839, 0.9342489536139738, 0.9342493320567808, 0.9342496589190317, 0.9342499412373786, 0.9342501850886993, 0.9342503957208509, 0.934250577665676, 0.9342507348366162, 0.9342508706130448, 0.9342509879131145, 0.934251089256688, 0.9342511768196786, 0.9342512524809998, 0.9342513178631049, 0.9342513743669854, 0.9342514232024228, 0.9342514654140862, 0.9342515019040734, 0.9342515334513898, 0.9342515607287543, 0.9342515843171042, 0.9342516047181462, 0.9342516223651529, 0.9342516376323259, 0.9342516508428581, 0.9342516622758849, 0.9342516721725198]]","[[0.3877833579864694, 0.9146364014293358, 0.9257427334573647, 0.9315097680666555, 0.9344758679262725, 0.935942602527164, 0.9366347623099966, 0.9369285648132133, 0.937021476677058, 0.9370516649536946, 0.937060475298857, 0.9370632898395712, 0.937064258298923]]",4582.451777081089,1.2
0,"[[0.25091642855185736, 0.25091642855185736, 0.9506580886506595, 0.9517056961409072, 0.9526656829095437, 0.9535428869694241, 0.9543421210276282, 0.9550681653800299, 0.9557257559327248, 0.9563195678169709, 0.9568541953801886, 0.9573341296069093, 0.9577637342149139, 0.9581472217575911, 0.9584886310325823, 0.9587918069550152, 0.9590603838222607, 0.9592977726084412, 0.9595071526172811, 0.9596914675259864, 0.9598534255978168, 0.9599955036442538, 0.9601199541861924, 0.9602288151950056, 0.9603239217807096, 0.9604069192232907, 0.9604792768018998, 0.9605423019527424, 0.9605971543698728, 0.9606448597460213, 0.960686322927688, 0.9607223403269001, 0.9607536114897031, 0.9607807497684387, 0.9608042920817914, 0.96082470777447, 0.9608424066085013, 0.9608577459319881, 0.96087103707966, 0.9608825510644068, 0.9608925236204799, 0.9609011596586563, 0.9609086371914306, 0.9609151107834409, 0.960920714578368, 0.9609255649497572, 0.9609297628189175, 0.9609333956789914, 0.9609365393604852, 0.9609392595695956, 0.9609416132275015, 0.9609436496353767, 0.9609454114871439, 0.9609469357493585, 0.9609482544252039, 0.9609493952175969, 0.9609503821044725, 0.9609512358376975, 0.9609519743756119, 0.9609526132579258, 0.9609531659305909, 0.9609536440272206, 0.9609540576128501, 0.9609544153950447, 0.9609547249066688, 0.9609549926641519, 0.9609552243044477, 0.9609554247036202, 0.9609555980794381, 0.9609557480802012, 0.9609558778615566, 0.9609559901530074, 0.9609560873154251, 0.9609561713908266, 0.960956244145429, 0.9609563071068945, 0.9609563615965523, 0.9609564087572728, 0.9609564495775694, 0.9609564849124612, 0.9609565155014932, 0.9609565419843596, 0.9609565649143716, 0.9609565847701467, 0.9609566019656967, 0.960956616859145, 0.9609566297602927, 0.9609566409371381, 0.9609566506215292]]","[[0.3877833579864694, 0.9477448265911723, 0.9551417224670661, 0.9588774305832188, 0.9608167643666512, 0.9617973100062973, 0.9622738276362636, 0.9624956485554139, 0.9625931769838183, 0.9626289487682398, 0.9626425769432136, 0.9626475281562816, 0.9626487191946896, 0.9626490930271037]]",5839.303672725303,1.2
0,"[[0.25091642855185736, 0.25091642855185736, 0.9737997602022702, 0.9743789927373785, 0.9749103292955448, 0.9753963794439495, 0.975839735591095, 0.9762429708691709, 0.9766086343276564, 0.9769392436157649, 0.9772372755014083, 0.9775051547301579, 0.9777452418496881, 0.9779598206965656, 0.9781510862535054, 0.9783211335350084, 0.9784719480555177, 0.9786053982916023, 0.9787232303872173, 0.978827065187917, 0.9789183975427931, 0.9789985976934965, 0.9790689144841271, 0.9791304800750291, 0.9791843158242022, 0.9792313390065981, 0.9792723700668948, 0.979308140138782, 0.9793392986072301, 0.9793664205350019, 0.979390013817403, 0.9794105259676762, 0.9794283504686103, 0.9794438326531925, 0.9794572750990018, 0.9794689425376241, 0.9794790662927305, 0.9794878482689422, 0.9794954645192128, 0.9795020684216711, 0.9795077934982563, 0.9795127559075818, 0.9795170566436266, 0.9795207834703223, 0.9795240126202566, 0.9795268102835843, 0.9795292339110007, 0.9795313333524687, 0.9795331518512318, 0.9795347269106045, 0.9795360910491587, 0.9795372724581529, 0.9795382955734799, 0.9795391815729458, 0.9795399488084096, 0.9795406131811373, 0.9795411884677201, 0.9795416866029507, 0.9795421179252793, 0.9795424913897388, 0.9795428147526135, 0.9795430947315483, 0.9795433371443742, 0.9795435470294263, 0.9795437287498276, 0.9795438860838498, 0.9795440223032224, 0.979544140240969, 0.9795442423501748, 0.9795443307548997, 0.9795444072942794, 0.9795444735607155, 0.9795445309329572, 0.979544580604753, 0.9795446236096645, 0.9795446608425527, 0.979544693078177, 0.9795447209873201, 0.9795447451507289, 0.9795447660712039, 0.9795447841840496, 0.9795447998661486, 0.9795448134437813, 0.9795448251994361, 0.9795448353776779, 0.9795448441902379]]","[[0.3877833579864694, 0.972007916148721, 0.9762081332070619, 0.9782823762091637, 0.9793662141004695, 0.9799224156373947, 0.9801980715818672, 0.9803293478533933, 0.9803891167557979, 0.9804149512740188, 0.9804254971507824, 0.9804295626212756, 0.9804310515634749, 0.9804314574173627]]",7440.878604078294,1.2
0,"[[0.25091642855185736, 0.25091642855185736, 0.9882398822111638, 0.9885059812970132, 0.988750235753385, 0.9889738252608467, 0.9891779209951883, 0.989363685071379, 0.9895322687695178, 0.9896848096031341, 0.9898224273660507, 0.9899462193661952, 0.9900572551140923, 0.9901565707723767, 0.9902451636851362, 0.9903239872906539, 0.990393946680499, 0.9904558950078407, 0.9905106308765271, 0.9905588967684991, 0.9906013784985517, 0.9906387056281749, 0.9906714527276212, 0.990700141348519, 0.9907252425572186, 0.9907471798792478, 0.9907663325147913, 0.9907830387007848, 0.990797599114323, 0.9908102802322056, 0.990821317581011, 0.9908309188299074, 0.9908392666939287, 0.9908465216283611, 0.990852824305263, 0.9908582978711833, 0.9908630499910851, 0.9908671746876954, 0.9908707539882968, 0.9908738593926396, 0.9908765531764372, 0.9908788895450854, 0.9908809156519258, 0.9908826724947684, 0.9908841957035541, 0.9908855162311183, 0.9908866609580024, 0.9908876532213029, 0.9908885132765193, 0.9908892587004983, 0.9908899047426561, 0.9908904646308818, 0.990890949837796, 0.9908913703123539, 0.9908917346812133, 0.9908920504237259, 0.9908923240239573, 0.9908925611026979, 0.9908927665320726, 0.9908929445350108, 0.990893098771562, 0.9908932324137825, 0.9908933482106876, 0.9908934485445915, 0.9908935354799602, 0.9908936108057702, 0.9908936760722363, 0.9908937326226515, 0.9908937816209837, 0.9908938240758007, 0.9908938608610072, 0.9908938927338141, 0.9908939203503151, 0.9908939442789853, 0.9908939650123785, 0.9908939829772634, 0.9908939985434082, 0.9908940120311929, 0.9908940237182036, 0.9908940338449505, 0.9908940426198148]]","[[0.3877833579864694, 0.9873623122824036, 0.989326911801355, 0.9902829786459295, 0.9907845028285898, 0.9910441459145245, 0.9911743268145837, 0.991237171723189, 0.9912662164552801, 0.9912789647410591, 0.9912842424504531, 0.9912862995714093, 0.9912870578745946]]",9481.725476830623,1.2
0,"[[0.25091642855185736, 0.25091642855185736, 0.9957455874091431, 0.9958429664916232, 0.9959323817825463, 0.9960142612978014, 0.9960890298534963, 0.9961571089313603, 0.9962189161031437, 0.9962748640322385, 0.9963253590980499, 0.99637079971503, 0.9964115744405244, 0.9964480599806697, 0.9964806192094707, 0.9965095993120152, 0.9965353301492854, 0.9965581229211282, 0.9965782691785192, 0.9965960402094949, 0.9966116867979077, 0.9966254393328245, 0.9966375082302119, 0.9966480846181205, 0.9966573412314892, 0.9966654334622636, 0.9966725005135573, 0.9966786666120715, 0.9966840422397405, 0.9966887253528978, 0.9966928025643507, 0.9966963502703214, 0.9966994357099371, 0.9967021179497351, 0.9967044487895352, 0.9967064735890325, 0.9967082320166973, 0.9967097587241708, 0.9967110839504156, 0.9967122340605141, 0.9967132320243339, 0.9967140978403647, 0.996714848909929, 0.9967155003667623, 0.9967160653666631, 0.9967165553415809, 0.9967169802221554, 0.9967173486323448, 0.996717668059451, 0.996717945002487, 0.9967181851015385, 0.9967183932504577, 0.9967185736949746, 0.9967187301180646, 0.9967188657141827, 0.9967189832537972, 0.9967190851394615, 0.9967191734545204, 0.9967192500054061, 0.9967193163583574, 0.9967193738712938, 0.9967194237214705, 0.9967194669294805, 0.9967195043800722, 0.9967195368402104, 0.9967195649747397, 0.9967195893599708, 0.9967196104954592, 0.996719628814221, 0.9967196446915921, 0.9967196584529059, 0.9967196703801517, 0.9967196807177485, 0.9967196896775461]]","[[0.3877833579864694, 0.9954137967635323, 0.9961397710441614, 0.9964903344620416, 0.9966745930186821, 0.9967704094446667, 0.9968187324164856, 0.996842222093119, 0.9968531623961173, 0.9968580033836297, 0.9968600231287622, 0.9968608155681105]]",12082.32559642938,1.2
0,"[[0.25091642855185736, 0.25091642855185736, 0.9988326930466016, 0.9988595351933226, 0.9988841856058099, 0.9989067618410645, 0.9989273805663219, 0.998946157529133, 0.9989632074064978, 0.99897864353766, 0.998992577552622, 0.9990051189157142, 0.9990163744097296, 0.9990264475904023, 0.9990354382427646, 0.9990434418699423, 0.9990505492413639, 0.9990568460217362, 0.9990624124952089, 0.9990673233918044, 0.9990716478162457, 0.9990754492733755, 0.9990787857798528, 0.9990817100488572, 0.9990842697330677, 0.9990865077109956, 0.9990884624025446, 0.9990901681011484, 0.9990916553116791, 0.999092951085317, 0.9990940793445405, 0.9990950611931935, 0.9990959152081788, 0.9990966577106526, 0.9990973030156702, 0.9990978636600685, 0.9990983506089977, 0.9990987734419592, 0.999099140519506, 0.9990994591319406, 0.999099735631445, 0.9990999755490946, 0.9991001836981857, 0.9991003642652541, 0.9991005208900747, 0.9991006567358502, 0.999100774550687, 0.9991008767213723, 0.9991009653203544, 0.9991010421467439, 0.999101108762066, 0.99910116652141, 0.9991012166005505, 0.9991012600195475, 0.9991012976632727, 0.999101330299253, 0.999101358593177, 0.9991013831223667, 0.9991014043874767, 0.9991014228226518, 0.9991014388043451, 0.9991014526589721, 0.9991014646695497, 0.9991014750814616, 0.9991014841074544]]","[[0.3877833579864694, 0.9987400049979362, 0.9989409340092598, 0.9990376489817493, 0.9990885232010107, 0.9991150256488431, 0.999128423091204, 0.9991349536635841, 0.9991380047509005, 0.9991393592613117, 0.9991399261691768]]",15396.205276650651,1.2
0,"[[0.25091642855185736, 0.25091642855185736, 0.9997751155941395, 0.9997802940358298, 0.9997850498453507, 0.9997894056772885, 0.9997933840141198, 0.999797007160855, 0.999800297216386, 0.9998032760224032, 0.9998059650921776, 0.9998083855229105, 0.999810557896547, 0.9998125021747775, 0.9998142375942989, 0.9998157825682307, 0.9998171545988948, 0.9998183702060932, 0.9998194448736861, 0.9998203930158549, 0.9998212279630972, 0.9998219619668545, 0.9998226062207928, 0.9998231708961935, 0.9998236651886124, 0.9998240973729352, 0.9998244748641052, 0.9998248042810782, 0.9998250915119191, 0.9998253417783354, 0.9998255596983253, 0.9998257493459637, 0.9998259143076551, 0.9998260577344431, 0.9998261823901686, 0.9998262906954365, 0.9998263847674661, 0.99982646645599, 0.9998265373754249, 0.9998265989335691, 0.9998266523571048, 0.9998266987141831, 0.9998267389343694, 0.9998267738262124, 0.9998268040926878, 0.9998268303447471, 0.999826853113187, 0.9998268728590308, 0.9998268899825988, 0.9998269048314249, 0.9998269177071588, 0.9998269288715813, 0.9998269385518407]]","[[0.3877833579864694, 0.9997571615615143, 0.99979597367091, 0.9998146371331947, 0.9998244568850173, 0.9998295751761676, 0.9998321644165108, 0.9998334276101721, 0.9998340183380867]]",19618.999258786527,1.2
0,"[[0.25091642855185736, 0.25091642855185736, 0.9999724117608656, 0.9999724117608656]]","[[0.3877833579864694, 0.9999702066933486, 0.9999749707035764, 0.9999749707035764]]",25000.0,1.2
